run,seed inf,local inf,direct inf,market inf,indirect inf,air inf,wild inf,shared pasture inf,large commercial dairy herd inf,large commercial beef herd inf,heifer hotels inf,mean large cattle herd inf,small commercial cattle herd inf,commercial small ruminants inf,large-scale commercial fattening pig herd inf,large-scale commercial weaner pig herd - non-SPF inf,large-scale commercial mixed pig herd - non-SPF inf,large scale commercial breeding pig herd inf,large scale commercial breeding pig herd - SPF inf,backyard herd inf,large-scale commercial fattening pig herd - SPF inf,large-scale commercial weaner pig herd - SPF inf,large-scale commercial mixed pig herd - SPF inf,nucleus pig herd inf,small ruminant - no out inf,pig - no out inf,cattle - no out inf,detect day,num IFs,last inf day,num IHs,IH converg. (%),num RHs,num RCHs,num PZHs,num SZHs,num VHs,vacc start day,animals vaccinated,animals culled,last cull day,last control day,controlled states,impacted states,infection area (km2),control duration,control duration converg. (%),surv cost,cull cost,disposal cost,disinfect cost,compensation cost,vacc cost,centre cost,total cost of control,control cost converg. (%),post mgmt cost,days out of market,loss of trade,TOTAL COST
1,1,5,8,1,1,0,0,0,2,7,1,0,3,0,3,0,0,0,0,0,0,0,0,0,0,0,0,14,13,26,13,0,13,0,256,1981,0,0,0,5749,27,60,1,1,24002,46,0,656683,113462,346219,4621625,3815672,0,487922,10041583,0,0,46,994179186,1004220769
2,1,3,1,0,0,0,0,0,1,1,0,0,1,0,1,0,0,0,0,1,0,0,0,0,0,0,0,14,3,23,3,87,3,0,37,322,0,0,0,3033,24,55,1,1,60,41,8,230678,56649,179128,1216217,2024460,0,434887,4142019,61,0,42,907728822,911870841
3,1,3,10,0,17,0,0,0,5,18,2,4,0,0,1,0,0,0,0,1,0,0,0,0,0,0,0,14,29,36,29,81,29,0,581,4796,0,0,0,11971,37,72,1,1,78109,58,17,1413078,280799,889729,9243250,10085403,0,615206,22527465,73,0,58,1253530278,1276057743
4,1,4,0,0,2,0,0,0,3,2,0,0,0,0,1,0,0,0,0,0,0,0,0,0,1,0,0,14,6,24,6,77,6,0,83,511,0,0,0,5308,25,63,1,1,309,49,12,516147,85652,263700,2148650,2957333,0,519743,6491225,67,0,50,1080629550,1087120775
5,1,2,5,0,2,0,0,0,0,6,1,0,0,0,1,0,0,0,0,1,1,0,0,0,0,0,0,14,9,22,9,67,9,0,167,1201,0,0,0,13901,23,57,1,1,17483,43,11,539383,198332,492898,2635137,4804302,0,456101,9126153,56,0,43,929341413,938467566
6,1,3,7,0,5,0,0,0,4,8,2,0,0,0,1,0,0,0,0,0,0,0,0,0,0,1,0,14,13,27,13,55,13,0,240,2078,0,0,0,5929,28,64,1,1,43006,50,9,736260,120499,407015,4824328,4865452,0,530350,11483904,46,0,50,1080629550,1092113454
7,1,1,1,0,0,0,0,0,0,2,0,0,0,0,1,0,0,0,0,0,0,0,0,0,0,0,0,14,2,20,2,59,2,0,44,353,0,0,0,2881,21,54,1,1,0,40,9,189914,55049,153024,851352,1562284,0,424280,3235903,48,0,40,864503640,867739543
8,1,2,2,0,1,0,0,0,0,3,0,0,2,0,1,0,0,0,0,0,0,0,0,0,0,0,0,14,5,20,5,57,5,0,127,888,0,0,0,3415,21,58,1,1,6626,44,8,531243,69900,201515,1783785,2112311,0,466708,5165462,47,0,44,950954004,956119466
9,1,1,1,0,0,0,0,0,0,1,0,1,0,0,1,0,0,0,0,0,0,0,0,0,0,0,0,14,2,19,2,58,2,0,44,330,0,0,0,2574,20,53,1,1,0,39,8,228289,46146,125920,851352,1269295,0,413673,2934675,48,0,39,842891049,845825724
10,1,1,2,0,1,0,0,0,0,4,0,0,0,0,1,0,0,0,0,0,0,0,0,0,0,0,0,14,4,21,4,56,4,0,83,754,0,0,0,2980,22,55,1,1,14182,41,8,371278,57920,162000,1418920,1657720,0,434887,4102725,46,0,41,886116231,890218956
11,1,22,43,0,27,0,0,0,30,27,19,1,8,1,1,0,0,0,0,5,0,0,0,0,0,0,1,14,77,37,76,83,76,0,1510,10255,0,0,0,24600,38,78,1,1,91282,64,10,2274564,645673,2024004,26675694,26136512,0,678848,58435295,76,0,65,1404818415,1463253710
12,1,14,25,4,19,0,0,0,26,15,8,5,2,0,1,0,0,0,1,4,0,0,0,0,0,1,0,14,58,37,58,72,58,0,1058,7087,0,0,0,21284,38,72,1,1,82266,58,9,1625866,438785,1705130,17797310,22137830,0,615206,44320127,66,0,58,1253530278,1297850405
13,1,3,3,0,3,0,0,0,2,4,1,1,1,0,1,0,0,0,0,0,0,0,0,0,0,0,0,14,8,22,8,70,8,0,112,1063,0,0,0,3816,23,58,1,1,24603,44,9,464534,81448,235145,2918921,2545152,0,466708,6711908,65,0,44,950954004,957665912
14,1,16,32,0,11,0,0,0,22,16,6,1,3,1,1,0,0,0,0,4,1,0,1,0,1,2,1,14,49,37,49,61,49,0,886,6418,0,0,0,23890,38,71,1,1,47272,57,8,1539336,437905,1630428,17391903,20672413,0,604599,42276584,57,0,57,1231917687,1274194271
15,1,4,8,0,0,0,0,0,6,1,1,0,2,0,1,0,0,0,0,0,0,0,0,0,0,1,1,14,10,24,10,59,10,0,203,1771,0,0,0,5968,25,62,1,1,24545,48,8,757537,117230,460546,3486489,5958919,0,509136,11289857,55,0,48,1037404368,1048694225
16,1,5,16,0,9,0,0,0,11,9,5,0,2,1,2,0,0,0,0,1,0,0,0,0,0,0,0,14,27,30,27,55,27,0,521,4382,0,0,0,9814,31,64,1,1,30794,50,7,1312135,226412,769148,8635141,9963945,0,530350,21437131,51,0,50,1080629550,1102066681
17,1,3,4,0,4,0,0,0,3,5,1,0,1,1,1,0,0,0,0,0,0,0,0,0,0,0,0,14,10,25,10,53,10,0,164,1525,0,0,0,5590,26,59,1,1,42397,45,7,516752,127344,412854,3283786,4832404,0,477315,9650455,49,0,45,972566595,982217050
18,1,7,14,0,5,0,0,0,7,10,2,0,3,0,2,0,0,0,0,1,1,0,0,0,0,0,1,14,23,28,23,50,23,0,467,3641,0,0,0,13097,29,63,1,1,37962,49,7,1209782,243126,827998,7905411,9986793,0,519743,20692853,46,0,49,1059016959,1079709812
19,1,1,3,0,7,0,0,0,6,3,2,0,0,0,1,0,0,0,0,0,0,0,0,0,0,0,0,14,11,26,11,48,11,0,257,1865,0,0,0,6005,27,60,1,1,23228,46,6,776918,125795,430387,3770273,5217536,0,487922,10808831,44,0,46,994179186,1004988017
20,1,1,0,0,0,0,0,0,0,1,0,0,0,0,1,0,0,0,0,0,0,0,0,0,0,0,0,14,1,15,1,49,1,0,19,152,0,0,0,2563,16,53,1,1,0,39,6,136912,45827,124952,567568,1255732,0,413673,2544664,45,0,39,842891049,845435713
21,1,2,2,0,0,0,0,0,1,2,0,0,1,0,1,0,0,0,0,0,0,0,0,0,0,0,0,14,3,20,3,49,3,0,53,397,0,0,0,3154,21,56,1,1,10,42,6,348301,60578,188598,1418920,2104550,0,445494,4566441,45,0,42,907728822,912295263
22,1,20,27,2,24,0,0,0,23,21,12,3,5,0,1,0,0,0,0,7,0,0,0,0,1,1,0,14,59,39,59,46,59,0,1125,7917,0,0,0,19140,41,79,1,1,65062,65,7,1873489,446810,1762362,20067581,23085576,0,689455,47925273,43,0,65,1404818415,1452743688
23,1,4,3,0,3,0,0,0,3,2,0,0,2,0,1,1,0,0,0,1,0,0,0,0,1,0,0,14,10,28,10,46,10,0,150,1173,0,0,0,9327,29,63,1,1,10711,49,6,887566,131334,378577,2797299,4095646,0,519743,8810165,42,0,49,1059016959,1067827124
24,1,2,5,0,3,0,0,0,3,2,1,0,4,0,1,0,0,0,0,0,0,0,0,0,0,0,0,14,10,28,10,45,10,0,212,1735,0,0,0,5309,29,61,1,1,41328,47,6,639058,110244,426411,3202705,5512989,0,498529,10389936,41,0,48,1037404368,1047794304
25,1,1,1,0,2,0,0,0,0,3,0,0,1,0,1,0,0,0,0,0,0,0,0,0,0,0,0,14,4,21,4,45,4,0,61,632,0,0,0,2931,22,56,1,1,19710,42,6,241663,56495,155936,1500001,1601800,0,445494,4001389,41,0,42,907728822,911730211
26,1,4,13,3,8,0,0,0,9,9,7,0,1,0,1,0,0,0,0,1,0,0,0,0,1,0,0,14,25,26,25,42,25,0,604,4380,0,0,0,10618,27,60,1,1,34902,46,6,1144580,256255,913180,7905411,11333443,0,487922,22040791,39,0,47,1015791777,1037832568
27,1,5,15,0,13,0,0,0,9,13,7,0,2,0,1,0,0,0,0,1,0,0,0,0,0,0,1,14,31,45,31,40,31,0,531,4196,0,0,0,12272,46,78,1,1,68759,64,6,1604561,298035,1086932,9243250,13621145,0,678848,26532771,37,0,65,1404818415,1431351186
28,1,6,15,0,9,0,0,0,6,10,7,1,1,0,1,0,0,0,0,0,0,0,0,0,0,3,2,14,25,28,25,38,25,0,502,3849,0,0,0,8107,29,68,1,1,76849,54,6,1170868,156773,464958,8635141,5347354,0,572778,16347872,35,0,55,1188692505,1205040377
29,1,33,32,0,20,0,0,0,24,12,19,1,12,0,3,0,0,0,0,9,0,0,0,0,2,0,4,14,62,41,61,37,61,0,1225,8378,0,0,0,22329,42,86,1,1,92069,72,6,2456575,488913,1949084,22378393,25894962,0,763704,53931631,35,0,72,1556106552,1610038183
30,1,7,3,1,7,0,0,0,3,6,6,0,1,0,1,0,0,0,0,2,0,0,0,0,0,0,0,14,12,31,12,36,12,0,239,1876,0,0,0,5984,32,77,1,1,44911,63,6,976651,133230,474213,5148652,5824736,0,668241,13225723,34,0,63,1361593233,1374818956
31,1,3,9,0,6,0,0,0,5,6,3,0,2,0,1,0,0,0,0,0,0,0,0,0,0,1,1,14,17,25,17,35,17,0,348,2722,0,0,0,8302,26,59,1,1,43074,45,6,833706,194814,687530,5635139,8373869,0,477315,16202373,33,0,46,994179186,1010381559
32,1,5,12,0,4,0,0,0,7,6,5,0,1,0,1,0,0,0,0,0,0,0,0,0,2,0,0,14,18,26,18,34,18,0,362,2822,0,0,0,7844,27,60,1,1,39633,46,6,889506,180865,677165,6081085,8444588,0,487922,16761131,32,0,46,994179186,1010940317
33,1,11,14,0,13,0,0,0,11,14,8,0,1,1,1,0,0,0,0,2,0,0,0,0,0,0,1,14,30,33,30,33,30,0,545,4021,0,0,0,10883,34,67,1,1,53374,53,6,1451576,265472,907003,10256764,11596572,0,562171,25039558,31,0,53,1145467323,1170506881
34,1,5,3,1,2,0,0,0,0,5,1,2,0,0,3,0,0,0,0,0,1,0,0,0,0,0,0,14,9,28,9,33,9,0,139,1115,0,0,0,14252,29,62,1,1,7767,48,6,602600,212967,540476,3405408,5230214,0,509136,10500801,30,0,48,1037404368,1047905169
35,1,1,0,0,0,0,0,0,1,1,0,0,0,0,0,0,0,0,0,0,0,0,0,0,0,0,0,14,2,19,2,33,2,0,22,157,0,0,0,2702,20,52,1,1,0,38,6,139656,49024,141354,851352,1489391,0,403066,3073843,30,0,39,842891049,845964892
36,1,4,7,0,8,0,0,0,3,10,2,0,3,0,1,0,0,0,0,0,0,0,0,0,0,1,0,14,17,29,17,32,17,0,321,2678,0,0,0,7096,30,63,1,1,54525,49,6,926738,167672,552693,5918923,6498955,0,519743,14584724,30,0,49,1059016959,1073601683
37,1,7,2,0,5,0,0,0,4,3,1,0,2,0,1,0,0,0,0,0,0,0,0,0,2,0,2,14,10,34,10,32,10,0,177,1567,0,0,0,5316,35,67,1,1,29530,53,5,1028218,111891,431078,3445948,5503391,0,562171,11082697,29,0,54,1167079914,1178162611
38,1,5,11,0,9,0,0,0,2,18,1,1,1,1,1,0,0,0,0,1,0,0,0,0,0,0,0,14,22,37,22,31,22,0,436,3584,0,0,0,9174,38,72,1,1,39160,58,5,1240768,227626,716449,7378383,8408301,0,615206,18586733,28,0,59,1275142869,1293729602
39,1,8,7,0,5,0,0,0,4,7,1,2,5,0,1,0,0,0,1,0,0,0,0,0,0,0,0,14,15,26,15,30,15,0,267,2343,0,0,0,8319,27,60,1,1,24335,46,5,855747,148131,450777,6283788,5123286,0,487922,13349651,28,0,46,994179186,1007528837
40,1,7,18,0,11,0,0,0,7,22,1,1,1,1,1,0,0,0,0,1,0,0,0,0,1,1,0,14,31,27,31,29,31,0,729,5468,0,0,0,12375,28,64,1,1,77319,50,5,1164295,325402,972409,10500007,11171465,0,530350,24663928,27,0,50,1080629550,1105293478
41,1,18,19,0,14,0,0,0,11,13,18,1,3,0,1,1,1,0,0,0,0,0,0,0,0,1,2,14,39,32,39,28,39,0,760,5351,0,0,0,20807,33,79,1,1,72445,65,5,1478513,399839,1266618,14797308,15015453,0,689455,33647186,26,0,65,1404818415,1438465601
42,1,5,6,0,1,0,0,0,1,4,1,0,4,0,1,0,0,0,1,0,0,0,0,0,1,0,0,14,10,24,10,28,10,0,168,1224,0,0,0,6453,25,59,1,1,22913,45,5,737140,99803,268479,3648651,2799349,0,477315,8030737,26,0,45,972566595,980597332
43,1,4,15,0,8,0,0,0,6,12,3,0,4,0,1,0,0,0,0,1,0,0,0,0,0,0,1,14,26,28,26,27,26,0,578,4023,0,0,0,10012,29,62,1,1,98865,48,5,986082,241592,857682,7621627,10631395,0,509136,20847514,25,0,48,1037404368,1058251882
44,1,13,22,0,11,0,0,0,15,14,12,1,2,0,1,0,0,0,0,0,0,0,0,0,0,1,1,14,38,30,38,26,38,0,713,5353,0,0,0,17130,31,74,1,1,50269,60,5,1494237,405277,1297981,15040551,17021785,0,636420,35896251,24,0,60,1296755460,1332651711
45,1,2,2,0,2,0,0,0,0,4,0,0,2,0,1,0,0,0,0,0,0,0,0,0,0,0,0,14,6,20,6,26,6,0,70,731,0,0,0,3595,21,56,1,1,8359,42,5,372335,75365,216912,1986488,2268065,0,445494,5364659,25,0,43,929341413,934706072
46,1,1,2,0,2,0,0,0,0,5,0,0,0,0,1,0,0,0,0,0,0,0,0,0,0,0,0,14,5,23,5,26,5,0,104,936,0,0,0,4755,24,57,1,1,28496,43,5,385867,109414,318200,1702704,3369630,0,456101,6341916,24,0,43,929341413,935683329
47,1,10,28,0,14,0,0,0,20,10,10,0,5,0,1,0,0,0,0,5,0,0,0,0,1,0,1,14,46,35,46,26,46,0,953,5867,0,0,0,14313,36,70,1,1,68556,56,5,1971210,327012,1358368,14594604,18071808,0,593992,36916994,24,0,56,1210305096,1247222090
48,1,3,4,0,2,0,0,0,1,3,4,0,1,0,1,0,0,0,0,0,0,0,0,0,0,0,0,14,7,35,7,26,7,0,124,969,0,0,0,3261,36,72,1,1,52067,58,5,502094,64311,184560,2837840,2005968,0,615206,6209979,24,0,58,1253530278,1259740257
49,1,1,3,0,2,0,0,0,2,3,1,0,0,0,1,0,0,0,0,0,0,0,0,0,0,0,0,14,6,27,6,26,6,0,146,1093,0,0,0,4243,28,60,1,1,19461,46,5,618086,86864,309757,2148650,3774172,0,487922,7425451,24,0,47,1015791777,1023217228
50,1,5,22,0,7,0,0,0,10,11,6,2,1,0,1,0,0,0,0,4,0,0,0,0,0,0,0,14,31,32,31,25,31,0,576,4902,0,0,0,11731,33,66,1,1,75568,52,4,1253263,283030,1013198,9648655,12759682,0,551564,25509392,23,0,52,1123854732,1149364124
51,1,3,15,0,6,0,0,0,4,10,2,2,5,0,2,0,0,0,0,0,0,0,0,0,0,0,0,14,24,29,24,24,24,0,495,3891,0,0,0,9491,30,61,1,1,40091,47,4,978296,199079,643271,7175681,7521634,0,498529,17016490,23,0,48,1037404368,1054420858
52,1,37,70,0,51,0,0,0,66,26,43,1,8,0,1,0,0,0,0,5,1,0,0,0,1,0,7,14,127,43,127,28,127,0,2539,14044,0,0,0,41800,44,82,1,1,114585,68,4,2901698,990264,4211632,43824355,57068105,0,721276,109717330,28,0,69,1491268779,1600986109
53,1,17,37,0,24,0,0,0,28,21,16,0,2,0,2,0,0,0,0,5,0,0,0,0,1,2,2,14,69,37,69,28,69,0,1419,9184,0,0,0,26579,38,71,1,1,76189,57,4,2048362,540961,2070161,21527042,27163711,0,604599,53954836,27,0,57,1231917687,1285872523
54,1,10,21,0,12,0,0,0,17,13,4,1,1,0,1,0,1,0,0,3,0,0,0,0,0,0,3,14,35,31,35,27,35,0,704,5455,0,0,0,13879,32,66,1,1,77020,52,4,1499704,330480,1283529,11554062,16375564,0,551564,31594903,26,0,52,1123854732,1155449635
55,1,3,1,0,0,0,0,0,0,1,0,0,2,0,1,0,0,0,0,0,0,0,0,0,0,1,0,14,2,20,2,27,2,0,27,327,0,0,0,4798,21,60,1,1,0,46,4,219168,68736,172736,1418920,1646319,0,487922,4013801,26,0,46,994179186,998192987
56,1,9,8,0,5,0,0,0,5,8,3,0,2,0,3,0,0,0,0,0,0,0,0,0,1,0,1,14,18,29,18,27,18,0,285,2507,0,0,0,11847,30,64,1,1,29341,50,4,877306,192658,575672,6121626,6368502,0,530350,14666114,26,0,50,1080629550,1095295664
57,1,6,7,0,4,0,0,0,6,9,1,0,0,0,1,0,0,0,0,0,1,0,0,0,0,0,0,14,15,29,15,27,15,0,256,2012,0,0,0,9861,30,64,1,1,35062,50,4,968116,226567,743258,5554058,8619903,0,530350,16642252,26,0,51,1102242141,1118884393
58,1,3,10,0,4,0,0,0,4,8,2,0,1,0,1,0,0,0,0,1,0,0,0,0,1,0,0,14,15,26,15,26,15,0,306,2178,0,0,0,5927,27,62,1,1,31416,48,4,760906,131931,476059,4783787,5813281,0,509136,12475100,25,0,48,1037404368,1049879468
59,1,4,4,0,3,0,0,0,1,8,0,0,0,0,2,0,0,0,0,0,0,0,0,0,0,0,1,14,8,26,8,26,8,0,118,1007,0,0,0,6846,27,64,1,1,10093,50,4,623455,123573,347507,3567570,3828815,0,530350,9021270,25,0,51,1102242141,1111263411
60,1,5,14,0,11,0,0,0,11,7,5,0,1,0,1,0,0,0,0,3,0,0,0,0,2,0,1,14,26,39,26,26,26,0,535,4350,0,0,0,11298,40,69,1,1,51697,55,4,1300994,261749,1048522,8027032,13742835,0,583385,24964517,25,0,56,1210305096,1235269613
61,1,3,5,0,2,0,0,0,3,4,1,0,1,0,1,0,0,0,0,1,0,0,0,0,0,0,0,14,9,22,9,26,9,0,141,1404,0,0,0,5496,23,58,1,1,8815,44,4,521137,124134,402083,3202705,4698384,0,466708,9415151,25,0,44,950954004,960369155
62,1,2,9,0,3,0,0,0,5,5,4,0,0,0,1,0,0,0,0,0,0,0,0,0,0,0,0,14,14,28,14,25,14,0,286,2292,0,0,0,7231,29,61,1,1,30384,47,4,841068,159761,625341,4256760,8072995,0,498529,14454454,24,0,48,1037404368,1051858822
63,1,9,22,0,9,0,0,0,11,16,4,1,3,1,2,0,0,0,0,2,0,0,0,0,0,1,0,14,34,32,34,25,34,0,619,5309,0,0,0,19086,33,65,1,1,78314,51,4,1348968,421444,1063644,12324333,12835203,0,540957,28534549,24,0,52,1123854732,1152389281
64,1,3,3,0,5,0,0,0,0,9,1,0,0,0,2,0,0,0,0,0,0,0,0,0,0,0,0,14,9,29,9,25,9,0,178,1635,0,0,0,10528,30,67,1,1,34732,53,4,866896,168594,440742,3689192,4379272,0,562171,10106867,24,0,53,1145467323,1155574190
65,1,12,9,3,3,0,0,0,6,7,8,0,3,0,1,0,1,0,0,0,0,0,0,0,2,0,0,14,19,33,19,24,19,0,375,2710,0,0,0,6465,34,76,1,1,26620,62,4,1310354,143811,480816,7621627,6023998,0,657634,16238240,23,0,62,1339980642,1356218882
66,1,1,0,0,2,0,0,0,0,3,0,0,0,0,1,0,0,0,0,0,0,0,0,0,0,0,0,14,3,22,3,24,3,0,52,523,0,0,0,3232,23,55,1,1,4402,41,4,252622,65228,183824,1135136,1900648,0,434887,3972345,23,0,42,907728822,911701167
67,1,3,5,0,4,0,0,0,3,5,2,0,0,0,2,0,0,0,0,1,0,0,0,0,0,0,0,14,11,27,11,24,11,0,200,1389,0,0,0,7808,28,61,1,1,27843,47,4,715177,179817,587469,3567570,6908476,0,498529,12457038,23,0,47,1015791777,1028248815
68,1,11,23,0,19,0,0,0,22,15,7,1,2,0,1,0,0,0,0,3,0,0,0,0,2,0,1,14,45,35,45,24,45,0,861,6229,0,0,0,15981,36,70,1,1,63458,56,4,1567308,380516,1532291,15081091,20124711,0,593992,39279909,23,0,57,1231917687,1271197596
69,1,8,19,3,16,0,0,0,11,22,5,3,2,0,1,0,0,0,0,2,0,0,0,0,0,1,0,14,41,36,41,23,41,0,857,6148,0,0,0,14456,37,70,1,1,47530,56,4,1495661,351845,1236651,13459469,15093169,0,593992,32230787,22,0,56,1210305096,1242535883
70,1,2,2,0,0,0,0,0,0,3,0,0,1,0,1,0,0,0,0,0,0,0,0,0,0,0,0,14,4,20,4,23,4,0,64,593,0,0,0,3128,21,56,1,1,6687,42,4,345632,62254,173500,1581082,1790532,0,445494,4398494,22,0,42,907728822,912127316
71,1,4,12,0,11,0,0,0,11,8,5,0,1,0,1,0,0,0,0,1,0,0,0,0,1,0,0,14,26,32,25,23,25,0,532,4404,0,0,0,9667,33,65,1,1,64233,51,3,1143600,211126,842806,7905411,11063032,0,540957,21706932,22,0,52,1123854732,1145561664
72,1,6,9,0,6,0,0,0,7,6,4,0,1,0,1,0,0,0,0,0,0,0,0,0,1,0,2,14,17,27,17,23,17,0,313,2536,0,0,0,11587,33,66,1,1,32497,52,3,959586,203789,656047,5918923,7920357,0,551564,16210266,22,0,52,1123854732,1140064998
73,1,3,9,0,4,0,0,0,5,7,1,0,1,1,1,0,0,0,0,0,0,0,0,0,0,0,1,14,14,28,14,22,14,0,311,2398,0,0,0,9204,29,62,1,1,20040,48,3,974889,253774,509054,4662165,6083493,0,509136,12992511,21,0,48,1037404368,1050396879
74,1,7,7,0,6,0,0,0,4,9,1,0,1,0,1,0,0,0,0,4,0,0,0,0,1,0,0,14,17,30,17,22,17,0,302,2621,0,0,0,8312,32,62,1,1,46331,48,3,812136,203746,648364,4945949,7527700,0,509136,14647031,21,0,48,1037404368,1052051399
75,1,3,10,0,13,0,0,0,10,7,7,0,0,0,1,0,0,0,0,1,0,0,0,0,0,0,1,14,25,33,25,22,25,0,552,4120,0,0,0,8256,34,66,1,1,44291,52,3,1172661,182200,724198,7256762,9628671,0,551564,19516056,21,0,53,1145467323,1164983379
76,1,8,19,0,8,0,0,0,10,14,4,0,2,0,3,0,0,0,0,2,0,0,0,0,0,0,1,14,29,27,29,22,29,0,546,3895,0,0,0,16715,28,63,1,1,31078,49,3,1292314,367807,1247204,10500007,14934506,0,519743,28861581,21,0,49,1059016959,1087878540
77,1,4,5,0,9,0,0,0,6,6,4,0,2,0,1,0,0,0,0,0,0,0,0,0,0,0,0,14,15,31,15,21,15,0,277,2446,0,0,0,8404,32,65,1,1,30563,51,3,952571,194322,714753,5391896,9033167,0,540957,16827666,20,0,51,1102242141,1119069807
78,1,3,1,0,1,0,0,0,1,2,0,0,2,0,1,0,0,0,0,0,0,0,0,0,0,0,0,14,5,23,5,21,5,0,65,563,0,0,0,3503,24,56,1,1,2699,42,3,345654,68534,231012,1783785,2706498,0,445494,5580977,20,0,42,907728822,913309799
79,1,13,22,0,11,0,0,0,17,13,5,0,8,0,2,0,0,0,0,0,0,0,0,0,1,0,1,14,40,37,40,21,40,0,738,5780,0,0,0,14133,38,71,1,1,89749,57,3,1437781,292183,1112211,13986496,14178698,0,604599,31611968,20,0,57,1231917687,1263529655
80,1,4,9,0,6,0,0,0,5,8,0,1,4,0,1,0,0,0,0,0,0,0,0,0,0,0,1,14,19,27,19,21,19,0,361,3051,0,0,0,6177,28,62,1,1,35606,48,3,927868,141704,479380,6445950,5747777,0,509136,14251815,20,0,48,1037404368,1051656183
81,1,3,9,0,8,0,0,0,10,5,3,0,1,0,1,0,0,0,0,1,0,0,0,0,0,0,0,14,19,27,19,21,19,0,306,2433,0,0,0,11098,28,65,1,1,18898,51,3,1132980,251715,933273,6932437,11792824,0,540957,21584186,19,0,51,1102242141,1123826327
82,1,4,15,1,8,0,0,0,4,17,1,0,3,1,1,0,0,0,0,0,0,0,0,0,1,0,1,14,26,26,26,20,26,0,497,4192,0,0,0,8097,27,62,1,1,41621,48,3,962825,205006,599918,7986492,6791261,0,509136,17054638,19,0,48,1037404368,1054459006
83,1,6,19,3,9,0,0,0,8,13,8,1,5,0,1,0,0,0,0,0,0,0,0,0,1,1,0,14,33,27,33,20,33,0,639,5242,0,0,0,12473,28,67,1,1,67317,53,3,1332479,284632,1099348,11310819,14147845,0,562171,28737294,19,0,53,1145467323,1174204617
84,1,5,5,0,4,0,0,0,2,7,0,0,2,0,1,0,0,0,0,1,0,0,0,0,1,0,1,14,12,23,11,20,11,0,203,1706,0,0,0,7076,23,57,1,1,21508,43,3,573447,165046,585375,3567570,7050844,0,456101,12398383,19,0,43,929341413,941739796
85,1,1,1,0,5,0,0,0,1,6,0,0,0,0,1,0,0,0,0,0,0,0,0,0,0,0,0,14,7,27,7,20,7,0,131,1272,0,0,0,5806,28,60,1,1,35054,46,3,467957,135542,432526,2270272,4899658,0,487922,8693877,19,0,47,1015791777,1024485654
86,1,10,21,0,15,0,0,0,13,15,8,1,6,0,1,0,0,0,0,3,0,0,0,0,0,0,0,14,39,33,39,19,39,0,715,5821,0,0,0,18665,34,71,1,1,58497,57,3,1371875,382187,1370109,13702712,17388779,0,604599,34820261,18,0,57,1231917687,1266737948
87,1,3,3,0,2,0,0,0,2,5,1,0,0,0,1,0,0,0,0,0,0,0,0,0,0,0,0,14,8,25,8,19,8,0,127,1009,0,0,0,5177,26,65,1,1,8507,51,3,640503,113050,380805,2716218,4601300,0,540957,8992833,18,0,52,1123854732,1132847565
88,1,3,6,0,6,0,0,0,3,9,2,0,0,0,1,0,0,0,0,1,0,0,0,0,0,0,0,14,13,24,13,19,13,0,279,2248,0,0,0,7654,25,59,1,1,20379,45,3,823557,173872,659329,4418922,8362066,0,477315,14915061,18,0,45,972566595,987481656
89,1,2,7,0,1,0,0,0,2,6,1,0,0,0,1,0,0,0,0,0,1,0,0,0,0,0,0,14,9,22,9,19,9,0,184,1571,0,0,0,10854,23,59,1,1,45781,45,3,694071,169975,442511,3567570,4381228,0,477315,9732670,18,0,46,994179186,1003911856
90,1,2,5,0,3,0,0,0,0,8,1,0,0,0,1,0,0,0,0,1,0,0,0,0,0,0,0,14,9,24,9,19,9,0,166,1688,0,0,0,5532,25,58,1,1,34822,44,3,463703,131638,386123,2918921,4128838,0,466708,8495931,18,0,44,950954004,959449935
91,1,8,16,0,16,0,0,0,12,17,4,0,2,0,1,0,0,0,0,2,0,0,0,0,0,0,3,14,35,33,35,19,35,0,651,4848,0,0,0,14640,34,66,1,1,52179,52,3,1453954,356962,1336155,11067575,16948287,0,551564,31714497,18,0,53,1145467323,1177181820
92,1,6,15,0,3,0,0,0,6,7,8,0,3,0,1,0,0,0,0,0,0,0,0,0,0,0,0,14,21,32,21,19,21,0,445,3310,0,0,0,8036,33,66,1,1,30222,52,3,1054455,182223,645864,7175681,8283048,0,551564,17892835,18,0,52,1123854732,1141747567
93,1,4,10,0,5,0,0,0,5,8,0,0,4,0,1,0,0,0,0,2,0,0,0,0,0,0,0,14,18,30,18,19,18,0,341,2793,0,0,0,6080,31,64,1,1,45450,50,3,780368,140293,466749,5432436,5489774,0,530350,12839970,18,0,50,1080629550,1093469520
94,1,2,10,0,8,0,0,0,7,8,1,2,1,0,1,0,0,0,0,1,0,0,0,0,0,0,0,14,19,28,19,18,19,0,397,3313,0,0,0,9996,29,62,1,1,67331,48,3,944437,239653,874734,6283788,10860949,0,509136,19712697,17,0,48,1037404368,1057117065
95,1,11,17,3,7,0,0,0,7,14,5,0,7,0,1,0,1,0,0,3,0,0,0,0,0,0,1,14,31,31,31,18,31,0,619,4404,0,0,0,9657,32,64,1,1,41176,50,3,1233423,223024,763586,10986494,9151213,0,530350,22888090,17,0,51,1102242141,1125130231
96,1,2,0,0,0,0,0,0,0,1,0,0,1,0,1,0,0,0,0,0,0,0,0,0,0,0,0,14,2,19,2,18,2,0,20,156,0,0,0,2580,20,56,1,1,0,42,3,186931,46341,126454,932433,1264531,0,445494,3002184,17,0,43,929341413,932343597
97,1,4,17,0,8,0,0,0,10,8,5,1,4,0,1,0,0,0,0,0,0,0,0,0,0,0,1,14,27,29,27,18,27,0,484,3750,0,0,0,7829,30,63,1,1,68648,49,3,982395,176985,681745,8472979,8722674,0,519743,19556521,17,0,49,1059016959,1078573480
98,1,2,11,2,1,0,0,0,0,10,0,1,4,0,1,0,0,0,0,1,0,0,0,0,0,0,0,14,16,22,16,18,16,0,338,2728,0,0,0,6513,32,61,1,1,31402,47,3,733383,160011,475070,4702706,5084722,0,498529,11654421,17,0,48,1037404368,1049058789
99,1,2,3,0,2,0,0,0,1,4,0,0,2,0,1,0,0,0,0,0,0,0,0,0,0,0,0,14,7,24,7,18,7,0,117,981,0,0,0,3537,25,56,1,1,7954,42,3,477583,72183,218448,2351353,2397873,0,445494,5962934,17,0,43,929341413,935304347
100,1,3,4,1,5,0,0,0,5,4,3,0,1,0,1,0,0,0,0,0,0,0,0,0,0,0,0,14,13,32,13,18,13,0,232,2094,0,0,0,5782,33,66,1,1,18329,52,3,871528,126899,462411,4216219,5723684,0,551564,11952305,17,0,52,1123854732,1135807037
101,1,2,4,0,3,0,0,0,1,4,1,0,1,0,1,0,0,0,0,2,0,0,0,0,0,0,0,14,8,23,8,18,8,0,167,1588,0,0,0,5603,24,58,1,1,26399,44,3,597387,127744,413776,2513515,4800915,0,466708,8920045,17,0,44,950954004,959874049
102,1,5,15,0,8,0,0,0,15,8,3,0,2,0,1,0,0,0,0,0,0,0,0,0,0,0,0,14,26,27,26,17,26,0,477,3628,0,0,0,10685,28,68,1,1,45499,54,3,1127759,251743,887209,8756763,11463959,0,572778,23060211,17,0,54,1167079914,1190140125
103,1,2,6,0,2,0,0,0,3,2,1,0,2,0,1,0,0,1,0,0,0,0,0,0,0,1,0,14,9,31,9,17,9,0,201,1562,0,0,0,5019,32,64,1,1,15672,50,3,714331,79646,234107,3121624,2501874,0,530350,7181932,17,0,50,1080629550,1087811482
104,1,2,1,0,4,0,0,0,0,5,1,0,0,0,1,0,0,0,0,1,0,0,0,0,0,0,0,14,6,27,6,17,6,0,105,889,0,0,0,3678,28,63,1,1,8130,49,3,504837,77809,222473,2351353,2335074,0,519743,6011289,17,0,50,1080629550,1086640839
105,1,2,6,0,2,0,0,0,4,5,0,0,1,0,1,0,0,0,0,0,0,0,0,0,0,0,0,14,10,30,10,17,10,0,173,1412,0,0,0,6343,31,64,1,1,14191,50,3,692755,132450,419894,3648651,4826820,0,530350,10250920,16,0,50,1080629550,1090880470
106,1,1,1,0,2,0,0,0,0,4,0,0,0,0,1,0,0,0,0,0,0,0,0,0,0,0,0,14,4,21,4,17,4,0,71,677,0,0,0,4561,22,56,1,1,4420,42,3,376840,103646,302184,1702704,3192304,0,445494,6123172,16,0,43,929341413,935464585
107,1,2,5,0,1,0,0,0,2,5,0,0,1,0,1,0,0,0,0,0,0,0,0,0,0,0,0,14,8,24,8,17,8,0,159,1299,0,0,0,4216,25,60,1,1,27144,46,3,584440,92969,275634,2918921,2920023,0,487922,7279909,16,0,46,994179186,1001459095
108,1,3,1,0,4,0,0,0,0,6,0,0,1,0,1,0,0,0,0,0,0,0,0,0,0,0,1,14,6,25,6,17,6,0,123,930,0,0,0,6875,26,70,1,1,7000,56,3,669661,126315,351057,2716218,3654971,0,593992,8112214,16,0,56,1210305096,1218417310
109,1,8,29,0,8,0,0,0,15,13,4,0,9,0,1,0,0,0,0,1,0,0,0,0,1,0,2,14,40,28,40,17,40,0,779,6047,0,0,0,18448,29,64,1,1,42054,50,2,1326163,436444,1585914,13054063,19556632,0,530350,36489566,16,0,50,1080629550,1117119116
110,1,24,23,0,16,0,0,0,23,13,14,0,7,0,1,0,0,0,0,3,0,0,0,1,0,0,2,14,48,38,48,17,48,0,805,6369,0,0,0,18440,39,78,1,1,84758,64,3,2049628,403298,1667558,17594607,22407935,0,678848,44801874,16,0,65,1404818415,1449620289
111,1,6,21,0,3,0,0,0,12,5,6,1,4,0,2,0,0,0,0,0,0,0,0,0,0,0,1,14,26,28,26,17,26,0,525,4285,0,0,0,14490,29,64,1,1,32926,50,2,1385335,254402,945914,9121628,12098388,0,530350,24336017,16,0,50,1080629550,1104965567
112,1,1,0,0,0,0,0,0,0,1,0,0,0,0,1,0,0,0,0,0,0,0,0,0,0,0,0,14,1,15,1,17,1,0,19,152,0,0,0,2563,16,52,1,1,0,38,2,136912,45827,124952,567568,1255732,0,403066,2534057,16,0,39,842891049,845425106
113,1,7,10,0,4,0,0,0,3,8,4,0,2,0,1,0,1,0,0,1,0,0,0,0,1,0,1,14,16,25,16,17,16,0,331,2736,0,0,0,6971,26,63,1,1,40918,49,2,914021,159427,505951,5635139,5950524,0,519743,13684805,16,0,49,1059016959,1072701764
114,1,11,26,0,16,0,0,0,18,19,4,0,6,1,1,0,0,0,0,2,0,0,0,0,0,2,1,14,47,33,47,17,47,0,929,6607,0,0,0,24821,34,70,1,1,90954,56,2,1555880,491430,1799557,16702714,22698425,0,593992,43841998,16,0,56,1210305096,1254147094
115,1,2,10,0,5,0,0,0,5,9,1,0,1,0,1,0,0,0,0,1,0,0,0,0,0,0,0,14,16,25,16,16,16,0,331,2809,0,0,0,8821,26,60,1,1,42574,46,2,1004906,201292,685852,5351355,8259213,0,487922,15990540,16,0,46,994179186,1010169726
116,1,13,26,0,18,0,0,0,18,20,10,0,4,0,1,0,1,0,0,1,0,0,0,0,1,1,1,14,47,39,47,16,47,0,869,6412,0,0,0,19182,40,79,1,1,54964,65,2,1870393,473060,1721962,16743255,21584758,0,689455,43082883,15,0,66,1426431006,1469513889
117,1,7,8,0,3,0,0,0,3,6,2,0,4,0,1,0,0,0,0,0,0,0,0,0,0,1,2,14,14,28,14,16,14,0,244,2136,0,0,0,6409,29,63,1,1,32395,49,2,841137,151484,474877,5148652,5433710,0,519743,12569603,15,0,49,1059016959,1071586562
118,1,7,18,0,14,0,0,0,16,12,2,2,2,1,1,0,0,0,0,2,0,0,0,0,1,0,1,14,36,33,36,16,36,0,699,4853,0,0,0,17038,34,66,1,1,74680,52,2,1386153,439855,1363280,11270277,18146080,0,551564,33157209,15,0,52,1123854732,1157011941
119,1,10,20,0,7,0,0,0,8,16,2,0,6,2,1,0,0,1,0,1,0,0,0,0,0,0,1,14,32,35,32,16,32,0,543,4144,0,0,0,12079,36,71,1,1,47161,57,2,1235784,254324,780946,10418926,9381145,0,604599,22675724,15,0,57,1231917687,1254593411
120,1,2,4,0,0,0,0,0,2,2,2,0,0,0,1,0,0,0,0,0,0,0,0,0,0,0,0,14,5,21,5,16,5,0,115,854,0,0,0,3531,22,58,1,1,5606,44,2,491851,69125,223079,2270272,2623209,0,466708,6144244,15,0,44,950954004,957098248
121,1,1,13,0,6,0,0,0,6,12,2,0,0,0,1,0,0,0,0,0,0,0,0,0,0,0,0,14,20,29,20,16,20,0,392,3556,0,0,0,9550,30,63,1,1,61811,49,2,913669,232343,810601,6324329,9775970,0,519743,18576655,15,0,49,1059016959,1077593614
122,1,7,26,0,14,0,0,0,19,15,6,0,2,0,3,0,0,0,0,3,0,0,0,0,0,0,0,14,43,31,43,16,43,0,908,6330,0,0,0,26026,32,69,1,1,74995,55,2,1482886,457710,1598698,14270280,19501530,0,583385,37894489,15,0,55,1188692505,1226586994
123,1,2,10,0,4,0,0,0,4,7,3,0,2,0,1,0,0,0,0,0,0,0,0,0,0,0,0,14,15,26,15,15,15,0,329,2364,0,0,0,5862,27,62,1,1,28974,48,2,883849,132221,434290,5108112,5183096,0,509136,12250704,15,0,48,1037404368,1049655072
124,1,1,0,0,0,0,0,0,0,1,0,0,0,0,1,0,0,0,0,0,0,0,0,0,0,0,0,14,1,15,1,16,1,0,19,152,0,0,0,2563,16,53,1,1,0,39,2,136912,45827,124952,567568,1255732,0,413673,2544664,15,0,39,842891049,845435713
125,1,8,13,0,7,0,0,0,5,11,5,0,3,1,1,0,0,0,0,2,0,0,0,0,0,0,1,14,23,35,23,15,23,0,405,3287,0,0,0,7647,36,69,1,1,43449,55,2,1033214,181015,575547,7864870,7005997,0,583385,17244028,15,0,55,1188692505,1205936533
126,1,5,6,0,6,0,0,0,4,7,3,2,0,0,1,0,0,0,0,1,0,0,0,0,0,0,0,14,16,29,16,15,16,0,248,1951,0,0,0,5525,30,63,1,1,25163,49,2,845634,124659,406495,4905409,4769649,0,519743,11571589,15,0,49,1059016959,1070588548
127,1,2,1,0,0,0,0,0,0,2,0,0,1,0,1,0,0,0,0,0,0,0,0,0,0,0,0,14,3,20,3,15,3,0,35,293,0,0,0,2717,21,53,1,1,3,39,2,208634,50314,137630,1216217,1396599,0,413673,3423067,15,0,40,864503640,867926707
128,1,3,7,0,1,0,0,0,3,4,1,0,3,0,1,0,0,0,0,0,0,0,0,0,0,0,0,14,10,21,10,15,10,0,181,1638,0,0,0,4338,22,56,1,1,29640,42,2,490179,90911,310213,3405408,3670526,0,445494,8412731,15,0,43,929341413,937754144
129,1,7,10,0,6,0,0,0,4,10,2,1,3,0,1,0,0,0,0,1,0,0,0,0,0,0,2,14,20,25,20,15,20,0,352,2727,0,0,0,6568,26,63,1,1,41220,49,2,983650,152213,509606,6364869,6081852,0,519743,14611933,15,0,49,1059016959,1073628892
130,1,5,15,0,11,0,0,0,8,17,2,1,0,0,1,0,0,0,0,2,0,0,0,0,0,0,1,14,27,26,27,15,27,0,562,4373,0,0,0,16038,27,62,1,1,73709,48,2,1159539,381505,1489273,8918925,19043885,0,509136,31502263,14,0,48,1037404368,1068906631
131,1,9,10,0,4,0,0,0,5,8,7,0,1,0,0,0,0,0,0,1,0,0,0,0,0,1,1,14,16,33,16,15,16,0,289,2424,0,0,0,10335,34,74,1,1,50470,60,2,1127898,245945,635520,7500005,7875981,0,636420,18021769,14,0,61,1318368051,1336389820
132,1,21,27,0,14,0,0,0,16,23,15,0,4,0,1,0,0,0,0,2,0,0,0,0,0,0,2,14,47,39,47,15,47,0,955,6900,0,0,0,19873,40,79,1,1,80263,65,2,2159791,494164,1739960,18445959,21444842,0,689455,44974171,14,0,65,1404818415,1449792586
133,1,3,2,0,1,0,0,0,0,3,0,0,3,0,1,0,0,0,0,0,0,0,0,0,0,0,0,14,6,24,6,15,6,0,90,763,0,0,0,2894,25,57,1,1,6389,43,2,392287,55387,154878,2067569,1579888,0,456101,4706110,14,0,43,929341413,934047523
134,1,7,8,2,4,0,0,0,2,11,4,0,2,0,2,0,0,0,0,0,1,0,0,0,0,0,0,14,17,28,17,15,17,0,302,2543,0,0,0,13049,29,64,1,1,22610,50,2,884992,235904,673076,6810816,7364870,0,530350,16500008,14,0,51,1102242141,1118742149
135,1,2,5,0,4,0,0,0,1,6,1,1,1,1,1,0,0,0,0,0,0,0,0,0,0,0,0,14,10,28,10,15,10,0,251,1637,0,0,0,6131,29,63,1,1,10453,49,2,811951,144662,381692,3567570,4284142,0,519743,9709760,14,0,49,1059016959,1068726719
136,1,4,8,0,6,0,0,0,3,10,2,0,1,0,1,0,0,0,0,1,0,0,0,0,0,0,1,14,15,33,15,15,15,0,329,2757,0,0,0,6050,34,67,1,1,30564,53,2,987304,141412,453186,5270274,5145741,0,562171,12560088,14,0,53,1145467323,1158027411
137,1,7,14,0,5,0,0,0,6,10,1,1,4,0,1,0,0,0,0,2,0,0,0,0,1,0,1,14,25,29,25,14,25,0,494,3502,0,0,0,6697,32,65,1,1,40042,51,2,1136186,151678,545776,7297302,6735747,0,540957,16407646,14,0,51,1102242141,1118649787
138,1,2,1,0,0,0,0,0,0,2,0,0,0,0,1,0,0,0,0,0,0,0,0,0,0,1,0,14,2,19,2,15,2,0,46,411,0,0,0,4121,20,56,1,1,0,42,2,255255,63269,162952,1135136,1575044,0,445494,3637150,14,0,42,907728822,911365972
139,1,5,11,0,6,0,0,0,6,9,2,0,0,0,2,0,0,0,0,1,0,0,0,0,0,0,3,14,19,26,19,14,19,0,385,2579,0,0,0,9167,27,61,1,1,41588,47,2,961829,189065,703162,5878382,8842218,0,498529,17073185,14,0,47,1015791777,1032864962
140,1,5,18,0,8,0,0,0,12,6,6,1,4,0,1,0,0,0,0,1,0,0,0,0,0,0,1,14,29,25,29,14,29,0,591,3982,0,0,0,11683,26,62,1,1,33278,48,2,1080230,223206,853098,9040547,10950736,0,509136,22656953,14,0,49,1059016959,1081673912
141,1,2,3,0,2,0,0,0,1,5,0,0,1,0,1,0,0,0,0,0,0,0,0,0,0,0,0,14,7,24,7,14,7,0,117,1047,0,0,0,4555,25,58,1,1,8569,44,2,585467,88723,296518,2554056,3463836,0,466708,7455308,14,0,44,950954004,958409312
142,1,1,4,1,5,0,0,0,4,7,0,0,0,0,1,0,0,0,0,0,0,0,0,0,0,0,0,14,11,22,11,14,11,0,225,1817,0,0,0,5773,23,57,1,1,43542,43,2,581041,129891,456448,3405408,5459584,0,456101,10488473,14,0,43,929341413,939829886
143,1,3,12,0,12,0,0,0,10,7,8,0,1,0,1,0,0,0,0,1,0,0,0,0,0,0,0,14,25,34,25,14,25,0,541,3976,0,0,0,11035,35,68,1,1,43649,54,2,1122221,252620,995035,8108114,13186486,0,572778,24237254,14,0,54,1167079914,1191317168
144,1,9,14,0,7,0,0,0,8,10,7,0,3,0,1,0,0,0,0,1,0,0,0,0,0,0,1,14,22,28,22,14,22,0,471,4107,0,0,0,9541,29,74,1,1,69397,60,2,1206186,204558,790392,8918925,10173371,0,636420,21929852,13,0,61,1318368051,1340297903
145,1,5,19,0,9,0,0,0,9,14,6,0,4,0,1,0,0,0,0,0,0,0,0,0,0,0,0,14,32,31,32,14,32,0,639,4714,0,0,0,12466,32,64,1,1,35042,50,2,1346784,313227,1081207,10216224,12940741,0,530350,26428533,13,0,50,1080629550,1107058083
146,1,2,14,0,2,0,0,0,7,6,3,0,1,0,1,0,0,0,0,0,0,0,0,0,0,1,0,14,17,25,17,14,17,0,337,2629,0,0,0,6393,26,60,1,1,25437,46,2,844260,136993,510737,5756761,6412911,0,487922,14149584,13,0,46,994179186,1008328770
147,1,1,0,0,0,0,0,0,0,1,0,0,0,0,1,0,0,0,0,0,0,0,0,0,0,0,0,14,1,15,1,14,1,0,19,152,0,0,0,2563,16,53,1,1,0,39,2,136912,45827,124952,567568,1255732,0,413673,2544664,13,0,39,842891049,845435713
148,1,7,8,0,3,0,0,0,6,5,2,1,1,0,1,0,0,0,0,1,0,0,0,0,1,0,1,14,14,29,14,14,14,0,285,2145,0,0,0,8477,30,63,1,1,69579,49,2,971738,197840,723620,4864868,9034542,0,519743,16312351,13,0,49,1059016959,1075329310
149,1,4,13,3,7,0,0,0,6,8,3,1,6,0,1,0,0,0,0,1,1,0,0,0,1,0,0,14,25,33,25,14,25,0,471,4169,0,0,0,11872,34,66,1,1,47489,52,2,1249999,200568,641194,8189195,7597936,0,551564,18430456,13,0,53,1145467323,1163897779
150,1,2,2,0,3,0,0,0,1,5,1,0,0,0,1,0,0,0,0,0,0,0,0,0,0,0,0,14,7,27,7,14,7,0,111,1115,0,0,0,5642,28,61,1,1,7538,47,2,567298,133791,399600,2270272,4336421,0,498529,8205911,13,0,47,1015791777,1023997688
151,1,7,12,0,7,0,0,0,6,13,1,0,2,1,1,0,0,0,0,0,0,0,0,0,1,1,1,14,23,33,23,14,23,0,471,3971,0,0,0,10393,34,67,1,1,26985,53,2,1149875,232444,758371,7337843,9102585,0,562171,19143289,13,0,53,1145467323,1164610612
152,1,9,21,1,13,0,0,0,19,7,10,2,6,0,1,0,0,0,0,0,0,0,0,0,0,0,0,14,40,38,40,13,40,0,786,5605,0,0,0,15468,39,72,1,1,44994,58,2,1485709,339964,1439620,13783794,19483323,0,615206,37147616,13,0,58,1253530278,1290677894
153,1,6,12,0,9,0,0,0,12,6,5,0,3,0,1,0,0,0,0,0,0,0,0,0,0,0,1,14,24,31,24,13,24,0,530,3666,0,0,0,14572,32,63,1,1,61433,49,2,1227692,357663,1319557,8189195,16624466,0,519743,28238316,13,0,50,1080629550,1108867866
154,1,1,0,0,0,0,0,0,0,1,0,0,0,0,1,0,0,0,0,0,0,0,0,0,0,0,0,14,1,15,1,13,1,0,19,152,0,0,0,2563,16,53,1,1,0,39,2,136912,45827,124952,567568,1255732,0,413673,2544664,13,0,39,842891049,845435713
155,1,2,5,0,1,0,0,0,2,4,1,0,1,0,1,0,0,0,0,0,0,0,0,0,0,0,0,14,8,24,8,13,8,0,174,1341,0,0,0,4288,25,58,1,1,10305,44,2,580669,91622,278073,2554056,3157460,0,466708,7128588,13,0,44,950954004,958082592
156,1,42,51,0,63,0,0,0,69,23,32,3,11,0,2,0,0,0,0,7,1,0,0,0,3,1,5,14,124,45,124,14,124,0,2289,13086,0,0,0,52118,46,83,1,1,102007,69,2,2817441,1107789,4639886,43459489,62431641,0,731883,115188129,14,0,69,1491268779,1606456908
157,1,31,41,0,52,0,0,0,50,23,31,2,8,0,3,0,0,0,0,6,0,0,0,0,0,2,0,14,99,44,99,15,99,0,1867,11638,0,0,0,47454,45,86,1,1,95226,72,2,2777901,1018330,4060267,35189214,53358450,0,763704,97167866,15,0,72,1556106552,1653274418
158,1,5,9,0,5,0,0,0,4,9,0,0,2,1,1,0,0,0,0,1,0,0,0,0,2,0,0,14,16,28,16,15,16,0,328,2686,0,0,0,8836,29,61,1,1,38266,47,2,927602,223634,651941,5391895,7782401,0,498529,15476002,14,0,47,1015791777,1031267779
159,1,4,9,0,4,0,0,0,5,6,0,0,4,0,1,0,0,0,0,2,0,0,0,0,0,0,0,14,15,27,15,15,15,0,284,2643,0,0,0,7156,28,60,1,1,50681,46,2,782549,168164,562023,5432436,6718451,0,487922,14151545,14,0,47,1015791777,1029943322
160,1,1,6,0,3,0,0,0,4,6,0,0,0,0,1,0,0,0,0,0,0,0,0,0,0,0,0,14,10,26,10,15,10,0,177,1536,0,0,0,6790,27,60,1,1,19700,46,2,608902,146972,606826,3121624,7892401,0,487922,12864647,14,0,46,994179186,1007043833
161,1,2,10,0,12,0,0,0,5,13,5,0,1,0,1,0,0,0,0,0,0,0,0,0,0,0,0,14,23,31,23,14,23,0,473,4049,0,0,0,10697,32,65,1,1,50545,51,2,1075528,263165,924926,7418924,11204613,0,540957,21428113,14,0,51,1102242141,1123670254
162,1,5,9,0,6,0,0,0,5,9,2,1,2,1,1,0,0,0,0,0,0,0,0,0,0,0,0,14,19,28,19,14,19,0,355,2657,0,0,0,10472,29,62,1,1,35080,48,2,1059541,285169,630772,5837842,7850560,0,509136,16173020,14,0,48,1037404368,1053577388
163,1,1,0,0,2,0,0,0,0,3,0,0,0,0,1,0,0,0,0,0,0,0,0,0,0,0,0,14,3,22,3,14,3,0,50,508,0,0,0,2936,23,56,1,1,7031,42,2,243940,56644,157776,1135136,1615304,0,445494,3654294,14,0,42,907728822,911383116
164,1,5,6,0,3,0,0,0,2,5,4,1,2,0,1,0,0,0,0,0,0,0,0,0,0,0,0,14,11,24,11,14,11,0,231,1721,0,0,0,6805,25,65,1,1,23973,51,2,783820,165776,499133,4702706,5525738,0,540957,12218130,14,0,51,1102242141,1114460271
165,1,4,3,0,3,0,0,0,1,5,0,0,1,1,2,0,0,0,0,1,0,0,0,0,0,0,0,14,9,27,9,14,9,0,158,1444,0,0,0,11469,28,63,1,1,16474,49,2,900558,305259,578982,3648651,6308344,0,519743,12261537,14,0,50,1080629550,1092891087
166,1,21,29,0,17,0,0,0,26,15,13,1,8,0,1,0,0,0,1,1,1,0,0,0,1,0,0,14,56,35,56,14,56,0,1055,7206,0,0,0,28485,37,76,1,1,69990,62,2,1819740,569697,2174594,19135149,28528576,0,657634,52885390,14,0,62,1339980642,1392866032
167,1,7,5,0,2,0,0,0,2,7,0,1,3,0,1,0,0,0,1,0,0,0,0,0,0,0,0,14,11,24,11,14,11,0,212,1493,0,0,0,8913,25,59,1,1,25653,45,2,803336,155664,465930,4986490,5144198,0,477315,12032933,14,0,46,994179186,1006212119
168,1,7,16,0,13,0,0,0,16,7,8,0,1,0,1,0,1,0,0,2,0,0,1,0,0,0,0,14,32,29,32,14,32,0,609,4329,0,0,0,16852,30,63,1,1,44797,49,2,1304171,350283,1346113,10540548,17432357,0,519743,31493215,14,0,49,1059016959,1090510174
169,1,1,1,0,0,0,0,0,0,2,0,0,0,0,1,0,0,0,0,0,0,0,0,0,0,0,0,14,2,20,2,14,2,0,53,385,0,0,0,2690,21,53,1,1,0,39,2,251114,49510,136128,851352,1378160,0,413673,3079937,14,0,40,864503640,867583577
170,1,4,5,0,4,0,0,0,4,6,0,0,2,0,1,0,0,0,0,1,0,0,0,0,0,0,0,14,11,26,11,14,11,0,201,1731,0,0,0,6611,27,62,1,1,57507,48,2,667939,155021,520252,4418922,6072336,0,509136,12343606,14,0,48,1037404368,1049747974
171,1,10,21,4,8,0,0,0,9,17,5,0,5,0,3,0,0,0,0,2,0,0,0,0,1,0,2,14,37,29,37,14,37,0,705,5949,0,0,0,20958,30,68,1,1,71269,54,2,1404473,395674,1250313,12648657,14547039,0,572778,30818934,14,0,54,1167079914,1197898848
172,1,5,11,0,3,0,0,0,6,8,3,0,2,0,1,0,0,0,0,0,0,0,0,0,0,0,0,14,17,27,17,14,17,0,342,2670,0,0,0,10112,28,61,1,1,36756,47,2,1015777,235142,921906,5918923,11879330,0,498529,20469607,14,0,47,1015791777,1036261384
173,1,4,6,0,1,0,0,0,4,4,3,0,0,0,1,0,0,0,0,0,0,0,0,0,0,0,0,14,9,27,9,14,9,0,170,1452,0,0,0,6728,28,61,1,1,17020,47,2,861341,147188,564736,3486489,7280944,0,498529,12839227,14,0,47,1015791777,1028631004
174,1,6,4,0,8,0,0,0,4,8,1,2,0,1,1,0,0,0,0,0,0,0,0,0,1,0,1,14,14,27,14,14,14,0,289,2091,0,0,0,7261,28,63,1,1,45576,49,2,977392,164528,590702,5432436,7466397,0,519743,15151198,14,0,49,1059016959,1074168157
175,1,4,6,0,3,0,0,0,3,6,1,0,2,0,1,0,0,0,0,0,1,0,0,0,0,0,0,14,11,26,11,14,11,0,211,1936,0,0,0,11597,27,64,1,1,21300,50,2,779303,192559,581022,4540544,6501438,0,530350,13125216,13,0,50,1080629550,1093754766
176,1,2,2,0,3,0,0,0,4,2,0,0,0,0,1,0,0,0,0,1,0,0,0,0,0,0,0,14,6,27,6,14,6,0,97,1057,0,0,0,6994,28,60,1,1,6353,46,2,474589,156510,604384,2067569,7654968,0,487922,11445942,13,0,47,1015791777,1027237719
177,1,6,15,2,5,0,0,0,8,11,3,0,4,0,1,0,0,0,0,0,1,0,0,0,0,0,1,14,26,28,25,14,25,0,479,3799,0,0,0,10004,29,62,1,1,51759,48,2,1194595,213175,732712,8675682,8872654,0,509136,20197954,13,0,49,1059016959,1079214913
178,1,4,7,1,5,0,0,0,6,7,0,0,2,0,1,0,0,0,0,1,0,0,0,0,0,0,1,14,16,26,16,14,16,0,299,2139,0,0,0,6556,27,60,1,1,37447,46,2,951500,151995,521271,4702706,6216948,0,487922,13032342,13,0,46,994179186,1007211528
179,1,3,12,0,3,0,0,0,1,11,1,0,3,0,1,0,0,0,0,1,0,0,0,0,1,0,0,14,16,28,16,14,16,0,286,2726,0,0,0,5777,29,61,1,1,30555,47,2,725796,136042,420624,5148652,4661044,0,498529,11590687,13,0,48,1037404368,1048995055
180,1,22,44,0,39,0,0,0,33,38,17,0,8,1,1,0,0,0,0,1,0,0,0,0,1,2,4,14,89,48,89,14,89,0,1657,11356,0,0,0,34318,49,86,1,1,88642,72,2,2719074,834140,3324040,30162183,43134392,0,763704,80937533,13,0,72,1556106552,1637044085
181,1,1,0,0,0,0,0,0,0,1,0,0,0,0,1,0,0,0,0,0,0,0,0,0,0,0,0,14,1,15,1,14,1,0,19,152,0,0,0,2563,16,53,1,1,0,39,2,138054,45827,124952,567568,1255732,0,413673,2545806,13,0,39,842891049,845436855
182,1,10,18,0,7,0,0,0,8,16,4,0,3,0,1,0,0,0,0,2,0,0,0,0,0,1,1,14,28,36,28,14,28,0,587,4293,0,0,0,11616,37,72,1,1,57396,58,2,1468960,234004,773966,10783791,9245032,0,615206,23120959,13,0,59,1275142869,1298263828
183,1,2,1,0,0,0,0,0,0,1,0,1,1,0,1,0,0,0,0,0,0,0,0,0,0,0,0,14,3,20,3,14,3,0,30,299,0,0,0,2609,21,54,1,1,11,40,2,188389,47201,128038,1216217,1298139,0,424280,3302264,13,0,40,864503640,867805904
184,1,3,10,0,12,0,0,0,10,7,4,1,1,0,1,0,0,0,0,1,0,0,0,0,0,0,1,14,23,46,23,14,23,0,529,3612,0,0,0,8339,47,80,1,1,34400,66,2,1500437,186068,750455,7702708,9814621,0,700062,20654351,13,0,66,1426431006,1447085357
185,1,3,15,0,12,0,0,0,12,12,4,0,1,1,1,0,0,0,0,0,0,0,0,0,0,0,0,14,28,29,28,13,28,0,521,4575,0,0,0,17293,30,63,1,1,95867,49,2,914405,458009,1345669,8756763,17238762,0,519743,29233351,13,0,49,1059016959,1088250310
186,1,9,7,0,4,0,0,0,6,4,3,0,3,0,1,0,0,0,0,2,0,0,0,0,1,0,1,14,15,26,15,13,15,0,253,2127,0,0,0,7916,27,63,1,1,41446,49,2,907098,145477,522581,5513517,6519211,0,519743,14127627,13,0,49,1059016959,1073144586
187,1,3,10,0,7,0,0,0,3,11,0,1,3,1,1,0,0,0,0,0,0,0,0,0,1,0,0,14,18,27,18,13,18,0,380,2681,0,0,0,9239,28,65,1,1,39848,51,2,1020160,258659,481576,5918923,5644123,0,540957,13864398,13,0,52,1123854732,1137719130
188,1,3,6,0,2,0,0,0,1,6,1,0,2,0,2,0,0,0,0,0,0,0,0,0,0,0,0,14,10,26,10,13,10,0,203,1597,0,0,0,7955,27,62,1,1,14785,48,2,796080,187104,571703,4256760,6288344,0,509136,12609127,13,0,49,1059016959,1071626086
189,1,13,18,0,7,0,0,0,14,7,8,0,5,0,1,0,0,0,0,1,0,0,0,0,1,0,2,14,28,36,28,13,28,0,590,4142,0,0,0,14760,37,74,1,1,82749,60,2,1296149,336864,1451920,10581088,19756195,0,636420,34058636,13,0,61,1318368051,1352426687
190,1,0,3,0,1,0,0,0,1,1,0,0,2,0,0,0,0,0,0,1,0,0,0,0,0,0,0,14,5,21,5,13,5,0,101,927,0,0,0,3029,22,55,1,1,5871,41,2,400945,56559,174635,1500001,1960867,0,434887,4527894,13,0,41,886116231,890644125
191,1,2,6,0,4,0,0,0,2,7,2,0,0,0,0,0,0,0,0,1,0,0,0,0,1,0,0,14,11,30,11,13,11,0,247,1947,0,0,0,6576,31,64,1,1,20389,50,2,792724,150530,522998,3567570,6326968,0,530350,11891140,13,0,50,1080629550,1092520690
192,1,4,6,0,0,0,0,0,3,4,1,0,1,0,1,0,0,0,0,0,0,0,0,0,1,0,0,14,9,21,9,13,9,0,157,1291,0,0,0,5077,22,54,1,1,9355,40,2,523255,113580,372865,2918921,4299119,0,424280,8652020,13,0,41,886116231,894768251
193,1,4,9,1,6,0,0,0,8,8,2,0,0,0,1,0,0,0,0,1,0,0,0,0,0,0,1,14,17,27,17,13,17,0,302,2743,0,0,0,6482,28,64,1,1,25340,50,2,1092143,144296,525889,5716220,6588159,0,530350,14597057,13,0,51,1102242141,1116839198
194,1,22,23,0,18,0,0,0,21,11,15,1,6,0,3,0,0,0,0,1,0,0,0,0,1,2,3,14,48,37,48,13,48,0,860,5955,0,0,0,24734,38,80,1,1,57160,66,2,1861881,481916,1901644,17310823,24929766,0,700062,47186092,13,0,66,1426431006,1473617098
195,1,7,8,0,7,0,0,0,5,12,2,0,1,0,1,0,0,0,0,2,0,0,0,0,0,0,0,14,19,27,19,13,19,0,347,2800,0,0,0,9278,28,63,1,1,25918,49,2,1071092,201400,710864,7054059,8615841,0,519743,18172999,13,0,49,1059016959,1077189958
196,1,11,13,0,6,0,0,0,8,8,8,0,3,1,1,0,0,0,0,1,0,0,0,0,0,0,1,14,24,28,24,13,24,0,444,3338,0,0,0,12454,30,75,1,1,79100,61,2,1215796,331104,814533,8635141,10534291,0,647027,22177892,13,0,61,1318368051,1340545943
197,1,6,8,0,8,0,0,0,8,4,9,0,1,0,1,0,0,0,0,0,0,0,0,0,0,0,0,14,17,32,17,13,17,0,398,2916,0,0,0,7941,33,70,1,1,44581,56,2,1287026,172563,694014,6972978,9301212,0,593992,19021785,13,0,56,1210305096,1229326881
198,1,3,2,0,4,0,0,0,2,3,1,0,3,0,1,0,0,0,0,0,0,0,0,0,0,0,0,14,8,27,8,13,8,0,135,1324,0,0,0,4732,28,64,1,1,27579,50,2,525491,98454,340937,3283786,4236440,0,530350,9015458,13,0,50,1080629550,1089645008
199,1,7,10,0,7,0,0,0,8,8,2,0,3,0,1,0,0,0,0,2,0,0,0,0,0,0,1,14,21,32,21,13,21,0,379,2892,0,0,0,12635,33,66,1,1,45266,52,2,1199687,297056,1205640,6648653,15713963,0,551564,25616563,13,0,52,1123854732,1149471295
200,1,7,12,1,2,0,0,0,4,9,2,0,3,0,1,0,0,0,0,2,0,0,0,0,1,0,1,14,20,33,20,13,20,0,298,2580,0,0,0,7505,34,68,1,1,59385,54,2,998220,179464,587094,6081085,6911487,0,572778,15330128,12,0,55,1188692505,1204022633
201,1,5,17,0,18,0,0,0,9,25,2,0,4,0,1,0,0,0,0,0,0,0,0,0,0,0,0,14,39,33,39,13,39,0,765,5583,0,0,0,16710,34,70,1,1,88887,56,2,1341500,428788,1431431,12729739,17185452,0,593992,33710902,12,0,56,1210305096,1244015998
202,1,4,6,0,3,0,0,0,3,6,1,0,1,0,2,0,0,0,0,0,0,0,0,0,0,0,1,14,13,29,13,13,13,0,234,1831,0,0,0,10424,34,66,1,1,36181,52,2,766216,162294,478929,4135138,5242668,0,551564,11336809,12,0,53,1145467323,1156804132
203,1,1,2,0,2,0,0,0,2,3,0,0,0,0,1,0,0,0,0,0,0,0,0,0,0,0,0,14,5,21,5,13,5,0,104,1024,0,0,0,4492,22,55,1,1,23073,41,2,415276,92576,341666,1702704,4213732,0,434887,7200841,12,0,41,886116231,893317072
204,1,2,8,0,5,0,0,0,3,9,1,0,2,0,1,0,0,0,0,0,0,0,0,0,0,0,0,14,15,30,15,13,15,0,247,2184,0,0,0,5738,31,64,1,1,48866,50,2,761328,130474,428575,4621625,5016948,0,530350,11489300,12,0,50,1080629550,1092118850
205,1,4,3,0,4,0,0,0,3,4,1,0,0,0,1,0,0,0,0,2,0,0,0,0,0,1,0,14,10,32,10,13,10,0,212,1638,0,0,0,11064,33,66,1,1,18127,52,2,977119,154044,416216,3648651,4389765,0,551564,10137359,12,0,52,1123854732,1133992091
206,1,1,3,0,8,0,0,0,2,8,0,0,2,0,1,0,0,0,0,0,0,0,0,0,0,0,0,14,12,41,12,13,12,0,222,1619,0,0,0,5941,42,74,1,1,42037,60,2,934293,119646,340090,4418922,3705446,0,636420,10154817,12,0,61,1318368051,1328522868
207,1,13,30,1,19,0,0,0,26,17,9,1,4,0,2,0,0,0,0,2,0,0,0,0,1,0,2,14,56,35,56,12,56,0,1041,7614,0,0,0,21124,39,72,1,1,59840,58,2,1764208,465734,1876729,18040553,24702625,0,615206,47465055,12,0,58,1253530278,1300995333
208,1,26,33,0,49,0,0,0,43,21,24,1,7,0,1,0,0,0,0,6,0,0,0,0,3,2,1,14,89,47,89,13,89,0,1684,11320,0,0,0,30735,48,81,1,1,83884,67,2,2570335,722881,2981313,29918939,39494088,0,710669,76398225,12,0,67,1448043597,1524441822
209,1,4,10,0,6,0,0,0,6,9,1,0,1,0,1,0,0,0,0,1,0,0,0,0,0,0,2,14,17,32,17,13,17,0,364,2929,0,0,0,7293,33,66,1,1,70908,52,2,940825,170377,601706,5594598,7276712,0,551564,15135782,12,0,52,1123854732,1138990514
210,1,13,27,0,20,0,0,0,13,23,11,1,5,0,1,0,1,0,0,1,1,0,0,3,0,0,1,14,53,33,53,12,53,0,985,7723,0,0,0,31787,41,70,1,1,91911,56,2,1712832,526523,1649919,18324337,19608488,0,593992,42416091,12,0,57,1231917687,1274333778
211,1,13,21,0,13,0,0,0,16,11,10,2,4,0,1,0,0,0,0,2,0,0,1,0,0,0,1,14,37,35,37,12,37,0,692,5074,0,0,0,19770,36,79,1,1,71410,65,2,1542517,392289,1409103,13662172,17727554,0,689455,35423090,12,0,65,1404818415,1440241505
212,1,3,6,0,4,0,0,0,3,8,0,0,2,0,1,0,0,0,0,0,0,0,0,0,0,0,0,14,13,28,13,12,13,0,221,1794,0,0,0,6515,29,63,1,1,49870,49,2,808189,153660,504618,4702706,5812145,0,519743,12501061,12,0,49,1059016959,1071518020
213,1,1,1,0,3,0,0,0,0,4,0,0,1,0,1,0,0,0,0,0,0,0,0,0,0,0,0,14,5,22,5,12,5,0,117,944,0,0,0,4009,23,57,1,1,7294,43,2,534578,87563,253432,1702704,2658553,0,456101,5692931,12,0,43,929341413,935034344
214,1,1,5,0,5,0,0,0,2,7,0,0,2,0,1,0,0,0,0,0,0,0,0,0,0,0,0,14,11,22,11,12,11,0,226,1969,0,0,0,5298,23,57,1,1,45471,43,2,709466,121363,377124,3486489,4339788,0,456101,9490331,12,0,43,929341413,938831744
215,1,19,42,0,20,0,0,0,29,25,10,2,6,1,1,0,0,0,0,5,0,0,1,0,0,1,1,14,73,39,73,12,73,0,1363,8882,0,0,0,28124,45,75,1,1,95434,61,2,2054042,654837,2245732,22378394,28727359,0,647027,56707391,12,0,61,1318368051,1375075442
216,1,5,17,1,6,0,0,0,4,16,4,0,5,0,1,0,0,0,0,0,0,0,0,0,0,0,0,14,25,31,25,12,25,0,489,3906,0,0,0,11789,32,67,1,1,79804,53,2,994115,299182,934551,8594601,10904116,0,562171,22288736,12,0,53,1145467323,1167756059
217,1,14,38,0,18,0,0,0,22,25,10,2,4,2,1,0,0,0,0,2,0,0,0,0,0,1,2,14,59,34,59,12,59,0,1177,7809,0,0,0,22479,35,71,1,1,88501,57,2,1907420,523224,1868654,20148663,23891300,0,604599,48943860,12,0,57,1231917687,1280861547
218,1,3,22,0,11,0,0,0,12,14,5,1,3,0,0,0,0,0,0,2,0,0,0,0,0,0,0,14,35,36,35,12,35,0,735,5436,0,0,0,14383,37,70,1,1,50488,56,2,1222691,362794,1224301,10621629,15210461,0,593992,29235868,12,0,56,1210305096,1239540964
219,1,2,3,0,0,0,0,0,0,3,0,0,2,1,0,0,0,0,0,0,0,0,0,0,0,0,0,14,5,20,5,12,5,0,78,661,0,0,0,3130,21,53,1,1,4486,39,2,313339,62519,169686,1783785,1757919,0,413673,4500921,12,0,40,864503640,869004561
220,1,10,19,0,10,0,0,0,12,13,7,0,5,0,2,0,0,0,0,0,0,0,0,0,1,0,0,14,32,32,32,12,32,0,654,4877,0,0,0,18317,33,65,1,1,94351,51,2,1357500,382691,1354663,11878387,16755389,0,540957,32269587,12,0,52,1123854732,1156124319
221,1,1,2,0,5,0,0,0,0,6,0,0,2,0,1,0,0,0,0,0,0,0,0,0,0,0,0,14,8,21,8,12,8,0,157,1233,0,0,0,4940,22,56,1,1,11727,42,2,493250,114468,335888,2554056,3573546,0,445494,7516702,12,0,43,929341413,936858115
222,1,1,3,0,0,0,0,0,1,3,0,0,0,0,1,0,0,0,0,0,0,0,0,0,0,0,0,14,4,22,4,12,4,0,81,740,0,0,0,3297,23,56,1,1,10294,42,2,329944,65686,196436,1581082,2177443,0,445494,4796085,12,0,43,929341413,934137498
223,1,2,3,0,1,0,0,0,1,2,3,0,0,0,1,0,0,0,0,0,0,0,0,0,0,0,0,14,6,27,6,12,6,0,118,944,0,0,0,3843,28,68,1,1,3343,54,2,559427,69807,205037,2554056,2269131,0,572778,6230236,12,0,54,1167079914,1173310150
224,1,6,10,0,13,0,0,0,11,7,8,1,2,0,1,0,0,0,0,0,0,0,0,0,0,0,0,14,26,33,26,12,26,0,468,3594,0,0,0,10666,34,68,1,1,100974,54,2,1138762,244671,977526,9689196,12878687,0,572778,25501620,12,0,54,1167079914,1192581534
225,1,7,20,0,2,0,0,0,7,14,2,0,2,0,2,0,0,0,0,2,0,1,0,0,0,0,0,14,26,32,26,12,26,0,479,4314,0,0,0,16965,33,79,1,1,71375,65,2,1258648,301907,997606,9770277,12038497,0,689455,25056390,12,0,65,1404818415,1429874805
226,1,7,19,0,11,0,0,0,13,9,4,1,3,0,1,0,1,0,0,3,0,0,0,0,3,0,0,14,33,34,33,12,33,0,618,5217,0,0,0,12678,35,68,1,1,84831,54,2,1294313,281507,1154918,9810817,15362247,0,572778,28476580,12,0,54,1167079914,1195556494
227,1,4,5,0,7,0,0,0,9,3,2,0,1,0,1,0,0,0,0,0,0,0,0,0,0,1,0,14,15,29,15,12,15,0,334,2438,0,0,0,8851,30,62,1,1,61434,48,2,1043511,192849,833394,4986490,11218336,0,509136,18783716,12,0,48,1037404368,1056188084
228,1,11,26,0,20,0,0,0,29,8,8,0,4,0,1,0,0,0,0,4,0,0,0,0,2,0,2,14,49,34,49,12,49,0,984,7163,0,0,0,16800,35,67,1,1,85393,53,2,1537449,383228,1655314,15608118,22475931,0,562171,42222211,11,0,53,1145467323,1187689534
229,1,4,4,2,3,0,0,0,3,4,2,0,2,0,1,0,0,0,0,1,0,0,0,0,1,0,0,14,11,26,11,12,11,0,270,1934,0,0,0,8891,27,62,1,1,26465,48,2,901092,136047,382928,4013516,4267696,0,509136,10210415,11,0,49,1059016959,1069227374
230,1,4,14,0,7,0,0,0,2,14,2,0,4,0,1,0,0,0,0,3,0,0,0,0,0,0,0,14,23,28,23,12,23,0,358,3010,0,0,0,6652,29,62,1,1,39926,48,2,819021,161075,486298,6932437,5432668,0,509136,14340635,11,0,48,1037404368,1051745003
231,1,4,18,0,6,0,0,0,7,13,3,0,4,0,1,0,0,0,0,0,0,0,0,0,1,0,0,14,26,30,26,12,26,0,565,4366,0,0,0,10826,31,65,1,1,60681,51,2,1195263,249828,854976,8959466,10180462,0,540957,21980952,11,0,51,1102242141,1124223093
232,1,4,9,0,6,0,0,0,3,10,3,0,1,0,2,0,0,0,0,0,0,0,0,0,0,0,1,14,18,23,18,12,18,0,385,3116,0,0,0,7021,24,62,1,1,68796,48,2,817375,153964,518103,5918923,6092539,0,509136,14010040,11,0,48,1037404368,1051414408
233,1,1,3,0,0,0,0,0,1,3,0,0,0,0,1,0,0,0,0,0,0,0,0,0,0,0,0,14,4,21,4,12,4,0,70,835,0,0,0,3701,22,56,1,1,10594,42,2,392328,78753,225808,1500001,2368484,0,445494,5010868,11,0,42,907728822,912739690
234,1,7,10,0,3,0,0,0,6,11,0,1,1,0,1,0,0,0,0,1,0,0,0,0,0,0,0,14,17,26,17,12,17,0,296,2092,0,0,0,9092,27,60,1,1,31115,46,2,839206,223295,726590,5918923,9036558,0,487922,17232494,11,0,46,994179186,1011411680
235,1,11,16,0,16,0,0,0,12,12,4,2,5,0,2,0,0,0,0,1,0,0,0,0,2,0,4,14,36,42,36,12,36,0,633,4769,0,0,0,16331,43,75,1,1,72450,61,2,1530652,323557,1139281,11959467,14177230,0,647027,29777214,11,0,62,1339980642,1369757856
236,1,6,11,0,5,0,0,0,1,14,0,0,4,0,1,0,0,0,0,0,1,0,0,0,2,0,0,14,19,30,19,11,19,0,368,2403,0,0,0,11225,31,63,1,1,42574,49,2,959269,209554,592902,6121626,6237169,0,519743,14640263,11,0,49,1059016959,1073657222
237,1,5,18,0,7,0,0,0,6,14,1,1,6,0,1,0,0,0,0,1,0,0,0,0,1,0,0,14,28,28,28,11,28,0,598,4399,0,0,0,8559,29,61,1,1,76511,47,2,1087170,201248,700254,9040547,8632216,0,498529,20159964,11,0,48,1037404368,1057564332
238,1,2,15,0,5,0,0,0,7,12,1,0,2,0,1,0,0,0,0,0,0,0,0,0,0,0,0,14,22,27,22,11,22,0,430,3208,0,0,0,7706,28,61,1,1,33993,47,2,992651,176330,666447,6608113,8372104,0,498529,17314174,11,0,47,1015791777,1033105951
239,1,25,37,0,24,0,0,0,28,20,21,1,4,1,3,0,0,0,0,5,0,0,0,0,1,0,3,14,67,38,67,11,67,0,1333,8569,0,0,0,26160,39,78,1,1,76124,64,2,2217828,588385,2117535,24202719,27401000,0,678848,57206315,11,0,65,1404818415,1462024730
240,1,19,35,3,23,0,0,0,26,22,9,3,11,1,1,0,1,0,0,4,0,0,0,0,1,1,1,14,67,38,65,11,65,0,1312,8346,0,0,0,20065,39,73,1,1,96600,59,2,1839752,493781,1890905,22662178,24269451,0,625813,51781880,11,0,60,1296755460,1348537340
241,1,3,6,0,2,0,0,0,4,5,1,0,0,0,1,0,0,0,0,1,0,0,0,0,0,0,0,14,9,22,9,11,9,0,202,1596,0,0,0,5494,23,56,1,1,46796,42,2,609189,122126,427806,3283786,5120913,0,445494,10009314,11,0,43,929341413,939350727
242,1,1,2,0,5,0,0,0,1,3,1,2,0,0,1,0,0,0,0,1,0,0,0,0,0,0,0,14,8,22,8,11,8,0,181,1575,0,0,0,3727,23,56,1,1,24339,42,2,630769,74051,240024,2716218,2848919,0,445494,6955475,11,0,43,929341413,936296888
243,1,10,13,0,6,0,0,0,8,9,4,1,3,0,1,0,0,0,0,3,0,0,0,0,1,0,0,14,23,30,23,11,23,0,419,3681,0,0,0,8213,31,66,1,1,50908,52,2,1089413,184038,716027,8513519,9354973,0,551564,20409534,11,0,53,1145467323,1165876857
244,1,4,6,0,1,0,0,0,1,6,0,0,1,0,1,0,0,0,0,2,0,0,0,0,0,1,0,14,10,22,10,11,10,0,207,1670,0,0,0,7978,23,56,1,1,10239,42,2,603451,163915,484319,3081083,5254919,0,445494,10033181,11,0,42,907728822,917762003
245,1,33,51,2,48,0,0,0,57,26,33,3,8,0,2,0,0,0,0,2,1,0,0,0,0,0,3,14,115,48,115,12,115,0,2225,12855,0,0,0,42968,49,87,1,1,82643,73,2,3116521,994318,4177762,38797325,55656047,0,774311,103516284,11,0,73,1577719143,1681235427
246,1,4,4,0,3,0,0,0,1,6,1,0,1,1,1,0,0,0,0,0,0,0,0,0,1,0,0,14,9,26,9,12,9,0,176,1511,0,0,0,6737,27,60,1,1,16452,46,2,758523,180245,339315,3283786,3723284,0,487922,8773075,11,0,46,994179186,1002952261
247,1,12,15,0,10,0,0,0,13,9,7,0,4,1,1,0,0,0,0,2,0,0,0,0,0,0,1,14,30,33,30,11,30,0,526,3806,0,0,0,10803,34,80,1,1,62047,66,2,1296569,254188,900205,11148656,11773355,0,700062,26073035,11,0,66,1426431006,1452504041
248,1,4,14,0,4,0,0,0,5,12,3,0,2,0,1,0,0,0,0,0,0,0,0,0,0,0,0,14,21,27,21,11,21,0,335,2670,0,0,0,9725,28,63,1,1,33318,49,2,987938,234015,813732,7054059,9976979,0,519743,19586466,11,0,50,1080629550,1100216016
249,1,1,2,0,1,0,0,0,1,3,0,0,0,0,1,0,0,0,0,0,0,0,0,0,0,0,0,14,4,20,4,11,4,0,65,594,0,0,0,3080,21,54,1,1,5976,40,2,284190,59908,175096,1418920,1863104,0,424280,4225498,11,0,40,864503640,868729138
250,1,15,21,0,8,0,0,0,11,17,2,0,8,0,1,0,0,0,0,3,0,0,0,0,1,1,1,14,37,33,37,11,37,0,693,4892,0,0,0,14051,34,65,1,1,49184,51,2,1332302,329470,1206595,12081089,14983471,0,540957,30473884,11,0,52,1123854732,1154328616
251,1,2,9,0,6,0,0,0,3,10,1,0,2,0,1,0,0,0,0,0,0,0,0,0,0,0,1,14,16,29,16,11,16,0,312,2810,0,0,0,8828,30,63,1,1,46856,49,2,1060758,211887,746339,5270274,8996142,0,519743,16805143,11,0,49,1059016959,1075822102
252,1,1,7,0,4,0,0,0,2,6,1,1,2,0,1,0,0,0,0,0,0,0,0,0,0,0,0,14,12,27,12,11,12,0,237,1858,0,0,0,6855,28,62,1,1,20760,48,2,782315,149205,461736,4216219,5142727,0,509136,11261338,11,0,48,1037404368,1048665706
253,1,20,32,0,25,0,0,0,34,16,12,2,6,0,2,0,0,0,0,5,0,0,0,0,1,0,0,14,67,39,67,11,67,0,1278,8145,0,0,0,24893,40,72,1,1,68642,58,2,1893735,564924,2285626,21405420,30397677,0,615206,57162588,11,0,59,1275142869,1332305457
254,1,2,5,0,1,0,0,0,2,4,0,0,3,0,0,0,0,0,0,0,0,0,0,0,0,0,0,14,7,22,7,11,7,0,138,1209,0,0,0,4062,23,58,1,1,13800,44,2,501527,83436,281361,2918921,3328603,0,466708,7580556,11,0,45,972566595,980147151
255,1,4,3,0,2,0,0,0,2,2,2,0,1,0,1,0,0,0,0,0,0,0,1,0,1,0,0,14,9,26,9,11,9,0,131,875,0,0,0,6862,27,60,1,1,22862,46,2,520417,107933,335176,2918921,3846172,0,487922,8216541,11,0,46,994179186,1002395727
256,1,1,1,0,4,0,0,0,1,4,1,0,0,0,1,0,0,0,0,0,0,0,0,0,0,0,0,14,6,21,6,11,6,0,102,1084,0,0,0,4409,22,57,1,1,13316,43,2,462990,94713,303462,1986488,3500288,0,456101,6804042,11,0,43,929341413,936145455
257,1,3,9,0,9,0,0,0,11,4,3,0,1,0,2,0,0,0,0,1,0,0,0,0,0,0,0,14,21,29,21,11,21,0,380,2753,0,0,0,9995,30,62,1,1,39490,48,2,1144878,212697,863948,6567572,11652155,0,509136,20950386,11,0,48,1037404368,1058354754
258,1,14,28,0,25,0,0,0,25,17,15,1,4,1,1,0,0,0,0,1,0,0,0,0,0,0,3,14,56,39,56,11,56,0,1133,8230,0,0,0,18285,40,77,1,1,82101,63,2,1780969,435165,1642836,18729743,21693264,0,668241,44950218,11,0,63,1361593233,1406543451
259,1,1,6,0,3,0,0,0,2,6,1,0,1,0,1,0,0,0,0,0,0,0,0,0,0,0,0,14,10,26,10,11,10,0,206,1451,0,0,0,5746,27,66,1,1,26033,52,2,848066,130606,429899,3283786,5066448,0,551564,10310369,11,0,52,1123854732,1134165101
260,1,4,12,0,5,0,0,0,3,15,1,0,2,0,1,0,0,0,0,0,0,0,0,0,0,0,0,14,20,30,20,11,20,0,435,2697,0,0,0,10903,31,63,1,1,52906,49,2,960233,273211,934277,6405410,11037290,0,519743,20130164,11,0,50,1080629550,1100759714
261,1,1,0,0,2,0,0,0,0,3,0,0,0,0,1,0,0,0,0,0,0,0,0,0,0,0,0,14,3,21,3,11,3,0,54,434,0,0,0,3926,22,58,1,1,896,44,2,339581,85291,244686,1500001,2571159,0,466708,5207426,11,0,44,950954004,956161430
262,1,7,10,3,14,0,0,0,9,12,5,0,4,0,1,0,0,0,1,0,0,0,0,0,2,0,1,14,30,34,30,11,30,0,546,4980,0,0,0,14488,35,70,1,1,55662,56,2,1129780,297332,994145,9770277,12127861,0,593992,24913387,11,0,57,1231917687,1256831074
263,1,4,12,0,4,0,0,0,2,13,0,2,2,0,1,0,0,0,0,1,0,0,0,0,0,0,0,14,19,25,19,11,19,0,354,2500,0,0,0,7183,26,59,1,1,48193,45,2,835150,166111,524161,6486491,5874910,0,477315,14364138,11,0,45,972566595,986930733
264,1,10,3,3,7,0,0,0,4,13,1,0,1,1,2,0,0,0,0,1,0,0,0,0,0,0,1,14,16,31,16,11,16,0,271,2201,0,0,0,12719,32,65,1,1,37429,51,2,854953,295341,833685,6445950,9363663,0,540957,18334549,11,0,51,1102242141,1120576690
265,1,3,4,0,2,0,0,0,0,4,1,1,3,0,1,0,0,0,0,0,0,0,0,0,0,0,0,14,9,21,9,11,9,0,176,1410,0,0,0,3459,22,56,1,1,8310,42,2,507242,71444,203702,3000002,2136727,0,445494,6364611,11,0,42,907728822,914093433
266,1,3,5,0,3,0,0,0,4,2,2,0,2,0,1,0,0,0,0,1,0,0,0,0,0,0,0,14,10,30,10,11,10,0,189,1690,0,0,0,4131,31,64,1,1,33901,50,2,848103,82776,291459,3364867,3624943,0,530350,8742498,11,0,50,1080629550,1089372048
267,1,4,12,0,3,0,0,0,3,6,5,0,1,0,1,0,1,0,0,2,0,0,0,0,0,0,1,14,18,27,17,11,17,0,296,2896,0,0,0,7330,28,61,1,1,66764,47,2,855053,136852,403624,5067571,4782343,0,498529,11743972,11,0,47,1015791777,1027535749
268,1,4,12,0,4,0,0,0,4,11,3,0,2,0,1,0,0,0,0,0,0,0,0,0,0,0,0,14,19,27,19,11,19,0,406,3145,0,0,0,8919,28,61,1,1,28048,47,2,809166,190337,691781,6324329,8574576,0,498529,17088718,11,0,47,1015791777,1032880495
269,1,3,13,0,3,0,0,0,1,12,2,0,1,0,1,0,0,0,0,2,0,0,0,0,0,0,1,14,18,25,17,11,17,0,289,2391,0,0,0,5410,26,58,1,1,50927,44,2,764742,126184,376561,5148652,4132235,0,466708,11015082,11,0,45,972566595,983581677
270,1,3,1,0,3,0,0,0,0,2,3,0,0,0,1,0,0,0,0,1,0,0,0,0,0,0,1,14,7,32,7,11,7,0,116,885,0,0,0,3751,33,66,1,1,5641,52,2,529714,77446,223176,1864866,2505058,0,551564,5751824,11,0,52,1123854732,1129606556
271,1,14,25,0,17,0,0,0,12,19,10,1,8,0,1,0,0,0,0,3,0,0,0,0,1,0,2,14,48,34,47,11,47,0,919,6478,0,0,0,18449,35,68,1,1,60281,54,2,1582915,458848,1617803,15810822,20430427,0,572778,40473593,11,0,54,1167079914,1207553507
272,1,5,13,0,3,0,0,0,6,6,2,1,5,0,2,0,0,0,0,0,0,0,0,0,0,0,0,14,20,26,20,11,20,0,376,2844,0,0,0,10805,27,59,1,1,74412,45,2,850226,178737,583340,6243248,6840397,0,477315,15173263,11,0,46,994179186,1009352449
273,1,6,9,0,5,0,0,0,3,8,1,2,4,0,1,0,0,0,0,1,0,0,0,0,1,0,0,14,19,34,19,11,19,0,317,2466,0,0,0,5364,35,65,1,1,24852,51,2,967020,118915,387104,5918923,4612326,0,540957,12545245,11,0,52,1123854732,1136399977
274,1,8,20,0,10,0,0,0,16,9,5,0,6,0,1,0,0,0,0,0,0,0,0,0,0,1,1,14,33,37,33,11,33,0,636,4657,0,0,0,15517,38,71,1,1,51389,57,2,1662489,358488,1285608,11959468,15813970,0,604599,31684622,11,0,57,1231917687,1263602309
275,1,1,2,0,4,0,0,0,1,6,0,0,0,0,1,0,0,0,0,0,0,0,0,0,0,0,0,14,7,21,7,11,7,0,127,942,0,0,0,3963,22,55,1,1,10705,41,2,483851,85712,243416,2351353,2710252,0,434887,6309471,11,0,41,886116231,892425702
276,1,7,6,0,13,0,0,0,9,9,3,1,2,0,1,0,0,0,0,2,0,0,0,0,0,0,0,14,23,36,23,11,23,0,415,3242,0,0,0,9670,37,69,1,1,54570,55,2,1668599,228709,858172,7702708,10768707,0,583385,21810280,10,0,56,1210305096,1232115376
277,1,2,7,0,1,0,0,0,1,7,0,2,0,0,1,0,0,0,0,0,0,0,0,0,0,0,0,14,10,23,10,11,10,0,198,1572,0,0,0,4097,24,57,1,1,24163,43,2,540138,89631,266402,3121624,2847107,0,456101,7321003,10,0,43,929341413,936662416
278,1,3,13,0,5,0,0,0,5,11,1,1,1,1,1,0,0,0,0,1,0,0,0,0,0,0,0,14,20,35,20,11,20,0,338,3073,0,0,0,8678,36,68,1,1,53473,54,2,868143,208189,720896,6202707,8827073,0,572778,17399786,10,0,55,1188692505,1206092291
279,1,1,4,0,0,0,0,0,0,4,0,0,1,0,1,0,0,0,0,0,0,0,0,0,0,0,0,14,5,21,5,11,5,0,61,534,0,0,0,3402,22,57,1,1,21937,43,2,239460,70281,201424,1702704,2083941,0,456101,4753911,10,0,43,929341413,934095324
280,1,16,38,1,16,0,0,0,29,15,9,3,6,0,2,0,0,0,0,4,0,0,0,0,2,1,1,14,61,41,61,11,61,0,1237,9114,0,0,0,20575,42,75,1,1,77338,61,2,1899606,429927,1713841,20716230,22477574,0,647027,47884205,10,0,62,1339980642,1387864847
281,1,4,7,0,5,0,0,0,4,4,4,0,4,0,1,0,0,0,0,0,0,0,0,0,0,0,0,14,14,30,14,11,14,0,248,2251,0,0,0,5871,31,63,1,1,19034,49,2,974006,128699,445499,4905409,5548192,0,519743,12521548,10,0,50,1080629550,1093151098
282,1,7,17,0,5,0,0,0,6,12,6,1,1,0,1,0,0,0,0,2,0,0,0,0,0,0,1,14,24,27,23,11,23,0,486,4603,0,0,0,7435,26,64,1,1,58819,50,2,1097888,168768,598759,8108114,7539773,0,530350,18043652,10,0,51,1102242141,1120285793
283,1,1,1,0,0,0,0,0,0,2,0,0,0,0,1,0,0,0,0,0,0,0,0,0,0,0,0,14,2,19,2,11,2,0,49,324,0,0,0,2801,20,52,1,1,0,38,2,244822,52729,146160,851352,1485164,0,403066,3183293,10,0,39,842891049,846074342
284,1,2,3,0,3,0,0,0,3,5,0,0,0,0,1,0,0,0,0,0,0,0,0,0,0,0,0,14,8,26,8,11,8,0,178,1148,0,0,0,5951,27,60,1,1,4557,46,2,779351,132090,483182,2918921,5953277,0,487922,10754743,10,0,46,994179186,1004933929
285,1,5,11,0,8,0,0,0,5,13,1,0,2,0,1,0,0,0,0,1,0,0,0,0,0,0,2,14,21,30,21,11,21,0,468,3371,0,0,0,11556,31,63,1,1,66555,49,2,867716,292335,985213,6770275,11561585,0,519743,20996867,10,0,50,1080629550,1101626417
286,1,15,23,0,10,0,0,0,12,14,8,3,5,0,1,0,0,0,0,4,0,0,0,0,1,0,1,14,35,29,35,10,35,0,713,5282,0,0,0,11972,30,70,1,1,72791,56,2,1284022,285210,1078990,13135144,13792290,0,593992,30169648,10,0,57,1231917687,1262087335
287,1,9,27,0,9,0,0,0,14,16,8,1,3,1,2,0,0,0,0,0,0,0,0,0,0,0,1,14,41,30,41,10,41,0,821,4867,0,0,0,13558,31,68,1,1,60417,54,2,1602311,310334,1068306,14027037,13302838,0,572778,30883604,10,0,54,1167079914,1197963518
288,1,11,13,0,15,0,0,0,14,10,6,1,2,0,2,0,1,0,0,0,0,0,0,0,2,1,1,14,32,29,32,10,32,0,594,4498,0,0,0,18143,30,64,1,1,61022,50,2,1427038,383101,1345240,11229737,16657727,0,530350,31573193,10,0,50,1080629550,1112202743
289,1,10,11,2,7,0,0,0,7,13,1,0,5,0,2,0,0,0,0,1,0,0,1,0,0,0,1,14,25,27,25,10,25,0,529,3623,0,0,0,11061,28,64,1,1,34387,50,2,1173091,241166,831815,8756763,10031289,0,530350,21564474,10,0,50,1080629550,1102194024
290,1,5,7,0,5,0,0,0,5,3,3,0,3,0,2,0,0,0,0,2,0,0,0,0,0,0,0,14,15,27,15,10,15,0,277,2240,0,0,0,5117,28,61,1,1,28999,47,2,833475,98964,338211,4864868,4119973,0,498529,10754020,10,0,47,1015791777,1026545797
291,1,4,3,0,4,0,0,0,2,5,1,0,1,0,1,0,0,0,0,2,0,0,0,0,0,0,0,14,10,26,10,10,10,0,152,1388,0,0,0,4882,27,60,1,1,12671,46,2,620370,109322,347688,3081083,3934470,0,487922,8580855,10,0,46,994179186,1002760041
292,1,2,4,0,1,0,0,0,1,4,0,0,1,0,1,0,0,0,0,1,0,0,0,0,0,0,0,14,7,22,7,10,7,0,127,1081,0,0,0,4102,23,55,1,1,13150,41,2,502804,87706,274315,2067569,3060842,0,434887,6428123,10,0,41,886116231,892544354
293,1,1,2,0,2,0,0,0,2,2,1,0,0,0,1,0,0,0,0,0,0,0,0,0,0,0,0,14,5,27,5,10,5,0,110,1076,0,0,0,5370,28,61,1,1,8510,47,2,562100,118520,408829,1864866,4925365,0,498529,8378209,10,0,47,1015791777,1024169986
294,1,9,19,0,9,0,0,0,10,17,3,1,2,1,1,0,0,0,0,0,0,0,0,0,2,0,1,14,31,30,31,10,31,0,733,4585,0,0,0,13707,31,64,1,1,58564,50,2,1497855,353206,1144627,10864872,13862101,0,530350,28253011,10,0,50,1080629550,1108882561
295,1,2,1,0,4,0,0,0,1,4,1,0,1,0,1,0,0,0,0,0,0,0,0,0,0,0,0,14,7,22,7,10,7,0,143,1206,0,0,0,7930,23,55,1,1,34330,41,2,595528,136142,427477,2635137,4921412,0,434887,9150583,10,0,42,907728822,916879405
296,1,4,11,0,3,0,0,0,5,11,0,0,1,0,1,0,0,0,0,0,0,0,0,0,1,0,0,14,17,27,17,10,17,0,303,2480,0,0,0,6538,28,61,1,1,37043,47,2,748200,152125,523597,5554058,6190442,0,498529,13666951,10,0,47,1015791777,1029458728
297,1,3,7,0,3,0,0,0,4,4,1,2,2,0,1,0,0,0,0,0,0,0,0,0,0,0,0,14,13,28,13,10,13,0,249,1999,0,0,0,8409,29,62,1,1,21661,48,2,834355,197515,728808,3972976,9016226,0,509136,15259016,10,0,48,1037404368,1052663384
298,1,3,4,0,2,0,0,0,1,7,0,0,0,0,1,0,0,0,0,0,0,0,0,0,0,0,1,14,7,25,7,10,7,0,199,1131,0,0,0,4396,26,62,1,1,9418,48,2,700978,95327,304897,2635137,3459129,0,509136,7704604,10,0,48,1037404368,1045108972
299,1,2,8,0,5,0,0,0,2,9,2,0,2,0,1,0,0,0,0,0,0,0,0,0,0,0,0,14,15,32,15,10,15,0,319,2414,0,0,0,4944,33,65,1,1,25757,51,2,992358,108528,317934,4702706,3737656,0,540957,10400139,10,0,52,1123854732,1134254871
300,1,2,14,0,2,0,0,0,4,12,0,0,0,0,1,0,0,0,0,1,0,0,0,0,0,0,1,14,17,25,17,10,17,0,304,2225,0,0,0,6833,26,61,1,1,54586,47,2,850894,145854,476616,5351355,5444064,0,498529,12767312,10,0,47,1015791777,1028559089
301,1,5,8,0,3,0,0,0,2,10,0,0,3,0,1,0,0,0,0,0,0,0,0,0,1,0,0,14,14,26,14,10,14,0,219,1929,0,0,0,6915,27,59,1,1,22019,45,2,767936,168007,523396,5067571,5904742,0,477315,12908967,10,0,46,994179186,1007088153
302,1,5,13,0,6,0,0,0,4,10,6,1,1,1,0,0,0,0,0,1,0,0,0,0,0,0,1,14,21,28,21,10,21,0,488,3624,0,0,0,9885,30,63,1,1,28739,49,2,1152731,239399,749357,7418924,9608845,0,519743,19688999,10,0,49,1059016959,1078705958
303,1,1,5,0,4,0,0,0,0,8,0,1,1,0,1,0,0,0,0,0,0,0,0,0,0,0,0,14,10,23,10,10,10,0,242,1940,0,0,0,9841,24,57,1,1,55055,43,2,607336,213661,540678,3567570,5665637,0,456101,11050983,10,0,43,929341413,940392396
304,1,7,14,3,5,0,0,0,7,14,5,0,3,0,1,0,0,0,0,0,0,0,0,0,0,0,0,14,26,29,26,10,26,0,388,3047,0,0,0,14589,30,64,1,1,45117,50,2,1078843,365811,851733,9040547,10274632,0,530350,22141916,10,0,50,1080629550,1102771466
305,1,4,13,5,7,0,0,0,2,20,0,0,6,0,1,0,0,0,0,0,0,0,0,0,1,0,0,14,27,31,27,10,27,0,533,3875,0,0,0,15413,32,68,1,1,34453,54,2,1258516,393685,1233021,10054061,13786523,0,572778,27298584,10,0,55,1188692505,1215991089
306,1,2,4,0,6,0,0,0,1,5,1,0,5,0,1,0,0,0,0,0,0,0,0,0,0,0,0,14,12,22,12,10,12,0,233,1899,0,0,0,8527,23,57,1,1,50148,43,2,651779,208234,696374,3932435,8191529,0,456101,14136452,10,0,43,929341413,943477865
307,1,3,7,0,4,0,0,0,5,6,1,0,1,0,1,0,0,0,0,0,0,0,0,0,0,0,1,14,13,25,13,10,13,0,227,2160,0,0,0,6120,26,59,1,1,30201,45,2,761520,137817,484128,4216219,5890137,0,477315,11967136,10,0,45,972566595,984533731
308,1,36,45,0,38,0,0,0,46,28,24,2,4,3,2,0,0,0,0,7,0,0,0,0,2,1,1,14,94,42,94,10,94,0,1744,10262,0,0,0,32148,43,76,1,1,84106,62,2,2337805,787993,2986667,32148671,39635307,0,657634,78554077,10,0,62,1339980642,1418534719
309,1,4,3,0,11,0,0,0,2,11,0,1,2,0,1,0,0,0,0,0,0,0,0,0,1,1,0,14,17,30,16,10,16,0,338,2462,0,0,0,13713,27,59,1,1,26596,45,2,846069,327166,1075741,5554058,12466996,0,477315,20747345,10,0,46,994179186,1014926531
310,1,7,9,0,5,0,0,0,3,10,4,2,0,0,1,0,0,0,0,0,0,0,0,0,1,0,1,14,16,27,16,10,16,0,314,2948,0,0,0,6886,28,62,1,1,47028,48,2,1025180,162196,528033,5918923,6248955,0,509136,14392423,10,0,49,1059016959,1073409382
311,1,3,7,0,5,0,0,0,5,9,0,0,0,0,1,0,0,0,0,0,0,0,0,0,0,1,0,14,15,29,15,10,15,0,263,2005,0,0,0,5574,32,65,1,1,24176,51,2,749949,126841,422290,4621625,4941595,0,540957,11403257,10,0,51,1102242141,1113645398
312,1,4,4,0,2,0,0,0,1,5,0,1,1,0,1,0,0,0,0,0,0,0,0,0,2,0,0,14,9,21,9,10,9,0,141,841,0,0,0,5074,22,59,1,1,25111,45,2,543953,110322,383157,3081083,4664434,0,477315,9260264,10,0,45,972566595,981826859
313,1,6,10,0,2,0,0,0,3,8,1,1,3,0,1,0,0,0,1,0,0,0,0,0,0,0,1,14,15,24,15,10,15,0,295,2145,0,0,0,7778,25,64,1,1,40740,50,2,783771,134781,406703,5189193,4491186,0,530350,11535984,10,0,50,1080629550,1092165534
314,1,7,6,0,9,0,0,0,10,5,5,0,0,0,2,0,0,0,0,0,0,0,0,0,0,0,1,14,18,29,18,10,18,0,295,2505,0,0,0,9730,30,66,1,1,38829,52,2,1115776,184933,705608,6689194,9059172,0,551564,18306247,10,0,52,1123854732,1142160979
315,1,3,7,1,8,0,0,0,7,8,2,0,1,0,1,0,0,0,0,1,0,0,0,0,0,0,0,14,18,32,18,10,18,0,334,2802,0,0,0,8748,33,65,1,1,40989,51,2,1168933,201024,754854,5472977,9654439,0,540957,17793184,10,0,52,1123854732,1141647916
316,1,8,20,0,7,0,0,0,12,15,1,0,3,0,1,0,0,0,0,1,0,0,0,0,1,2,0,14,31,32,31,10,31,0,570,4852,0,0,0,14033,33,65,1,1,70608,51,2,1262720,332775,1345804,9972980,17390018,0,540957,30845254,10,0,51,1102242141,1133087395
317,1,3,7,0,3,0,0,0,0,8,0,2,2,0,1,0,1,0,0,0,0,0,0,0,0,0,0,14,13,28,13,10,13,0,242,1786,0,0,0,6126,29,64,1,1,56803,50,2,851471,135909,393825,4418922,4161942,0,530350,10492419,10,0,50,1080629550,1091121969
318,1,4,11,0,3,0,0,0,4,8,2,0,3,0,2,0,0,0,0,0,0,0,0,0,0,0,0,14,16,29,16,10,16,0,342,2738,0,0,0,6365,30,68,1,1,28779,54,2,1079456,129422,419039,6121626,4980818,0,572778,13303139,10,0,54,1167079914,1180383053
319,1,4,10,0,5,0,0,0,1,14,2,0,1,0,1,0,0,0,0,1,0,0,0,0,0,0,0,14,17,32,17,10,17,0,329,2446,0,0,0,7095,33,65,1,1,76647,51,2,970970,146306,416704,5756761,4438928,0,540957,12270626,10,0,52,1123854732,1136125358
320,1,25,50,1,59,0,0,0,55,27,31,2,6,0,1,0,0,0,0,6,0,0,0,0,4,2,2,14,113,47,113,10,113,0,2072,12498,0,0,0,32430,52,82,1,1,101081,68,2,3019620,763633,3175585,38716242,42792282,0,721276,89188638,10,0,69,1491268779,1580457417
321,1,3,4,0,4,0,0,0,6,3,2,0,0,0,1,0,0,0,0,0,0,0,0,0,0,0,0,14,10,26,10,10,10,0,230,1624,0,0,0,4641,27,60,1,1,16827,46,2,867700,95523,354739,3486489,4445335,0,487922,9737708,10,0,46,994179186,1003916894
322,1,1,9,0,3,0,0,0,4,6,2,0,1,0,1,0,0,0,0,0,0,0,0,0,0,0,0,14,13,25,13,10,13,0,295,2393,0,0,0,5618,26,58,1,1,30404,44,2,690022,123616,439075,4337841,5353610,0,466708,11410872,10,0,45,972566595,983977467
323,1,1,3,0,1,0,0,0,0,3,0,1,1,0,1,0,0,0,0,0,0,0,0,0,0,0,0,14,5,20,5,10,5,0,129,840,0,0,0,2948,21,57,1,1,1647,43,2,480436,56891,160064,1702704,1654851,0,456101,4511047,10,0,43,929341413,933852460
324,1,8,17,0,11,0,0,0,11,10,9,1,3,0,1,0,0,0,0,1,0,0,0,0,1,0,0,14,31,34,31,10,31,0,600,5203,0,0,0,10980,35,68,1,1,58236,54,2,1281908,256973,979185,10702710,12679876,0,572778,26473430,10,0,54,1167079914,1193553344
325,1,9,22,0,14,0,0,0,12,17,6,2,3,0,1,0,0,0,0,3,0,0,0,0,1,0,1,14,41,34,41,10,41,0,825,5899,0,0,0,14118,35,71,1,1,80530,57,2,1477399,351590,1263824,12851360,15623528,0,604599,32172300,10,0,57,1231917687,1264089987
326,1,6,16,0,10,0,0,0,6,15,4,0,4,0,1,0,0,0,0,2,0,0,0,0,0,0,1,14,29,35,29,10,29,0,662,4903,0,0,0,10011,36,68,1,1,72592,54,1,1313317,246404,831346,9000006,9956851,0,572778,21920702,10,0,55,1188692505,1210613207
327,1,6,5,0,3,0,0,0,2,6,0,0,2,1,1,0,0,0,0,1,0,0,0,0,1,1,0,14,10,27,10,10,10,0,151,1559,0,0,0,6469,28,65,1,1,15779,51,1,740254,168189,347639,3729732,4089002,0,540957,9615773,10,0,51,1102242141,1111857914
328,1,4,13,0,8,0,0,0,9,7,6,1,1,0,1,0,0,0,0,1,0,0,0,0,0,0,0,14,23,39,23,10,23,0,479,3712,0,0,0,9651,40,73,1,1,83575,59,1,1285737,216724,872398,7621627,11609011,0,625813,22231310,10,0,59,1275142869,1297374179
329,1,8,10,0,5,0,0,0,8,3,3,2,2,0,4,0,0,0,0,1,0,0,1,0,0,0,0,14,21,34,21,10,21,0,347,2983,0,0,0,11843,35,67,1,1,33252,53,1,1004842,197595,663326,6851356,8235764,0,562171,17515054,10,0,54,1167079914,1184594968
330,1,3,5,0,3,0,0,0,3,3,1,0,3,0,1,0,0,0,0,1,0,0,0,0,0,0,0,14,10,25,10,10,10,0,202,1751,0,0,0,4349,26,59,1,1,16235,45,1,741820,91693,302803,3445948,3583322,0,477315,8642901,10,0,45,972566595,981209496
331,1,10,24,0,8,0,0,0,9,18,6,0,3,1,1,0,0,0,0,1,1,0,0,0,0,1,2,14,36,30,36,10,36,0,627,5465,0,0,0,24339,31,71,1,1,55238,57,1,1319890,485156,1339483,12405414,15564730,0,604599,31719272,9,0,57,1231917687,1263636959
332,1,14,28,0,30,0,0,0,27,18,12,2,7,0,2,0,0,0,0,1,1,0,0,0,0,2,1,14,63,35,63,10,63,0,1212,9072,0,0,0,30575,36,70,1,1,85509,56,1,1832441,534546,1912418,21081096,24056312,0,593992,50010805,9,0,57,1231917687,1281928492
333,1,3,15,0,7,0,0,0,11,10,2,0,0,0,1,0,0,0,0,2,0,0,0,0,0,0,0,14,25,25,25,10,25,0,447,3459,0,0,0,11590,26,59,1,1,84790,45,1,869491,278350,1057242,6972978,13330912,0,477315,22986288,9,0,45,972566595,995552883
334,1,11,31,0,17,0,0,0,18,23,8,1,6,0,1,0,0,0,0,0,0,0,0,0,2,0,1,14,51,31,51,10,51,0,1035,6888,0,0,0,18420,32,69,1,1,91288,55,1,1535079,434795,1539378,18040553,18937125,0,583385,41070315,9,0,56,1210305096,1251375411
335,1,2,0,0,0,0,0,0,0,1,0,0,0,0,1,0,0,0,0,0,1,0,0,0,0,0,0,14,2,19,2,10,2,0,27,203,0,0,0,11756,20,57,1,1,0,43,1,179486,137529,309212,851352,2717012,0,456101,4650692,9,0,43,929341413,933992105
336,1,6,6,0,4,0,0,0,1,6,1,1,5,0,2,0,0,0,0,0,0,0,0,0,1,0,0,14,14,27,14,10,14,0,262,1992,0,0,0,8144,28,59,1,1,28301,45,1,767874,179740,542369,4621625,5952431,0,477315,12541354,9,0,46,994179186,1006720540
337,1,2,5,0,4,0,0,0,0,8,1,0,1,0,1,0,0,0,0,1,0,0,0,0,0,0,0,14,10,24,10,10,10,0,245,1819,0,0,0,5398,25,60,1,1,40252,46,1,814077,115288,330657,3729732,3544653,0,487922,9022329,9,0,46,994179186,1003201515
338,1,6,11,0,4,0,0,0,6,5,2,1,5,0,1,0,0,0,0,2,0,0,0,0,0,0,0,14,18,26,18,10,18,0,323,2824,0,0,0,4867,33,63,1,1,52837,49,1,781819,100998,359644,6283788,4411709,0,519743,12457701,9,0,49,1059016959,1071474660
339,1,11,16,1,13,0,0,0,11,14,5,0,5,0,1,0,0,0,0,1,2,0,0,0,0,1,2,14,37,29,36,10,36,0,600,4837,0,0,0,30716,30,63,1,1,78630,49,1,1380098,515838,1543207,12040549,17479710,0,519743,33479145,9,0,50,1080629550,1114108695
340,1,2,5,0,0,0,0,0,0,5,0,0,1,0,1,0,0,0,0,1,0,0,0,0,0,0,0,14,6,20,6,10,6,0,82,884,0,0,0,3380,21,56,1,1,21241,42,1,340167,69398,197097,2148650,2053128,0,445494,5253934,9,0,42,907728822,912982756
341,1,3,22,0,6,0,0,0,10,12,5,1,2,0,1,0,0,0,0,1,0,0,0,0,0,0,0,14,30,29,30,10,30,0,592,4555,0,0,0,11519,30,63,1,1,64386,49,1,1199409,248840,809230,9972980,9604499,0,519743,22354701,9,0,49,1059016959,1081371660
342,1,15,21,0,22,0,0,0,27,13,12,0,5,0,1,0,0,0,0,1,0,0,0,0,0,0,0,14,48,37,48,10,48,0,910,6332,0,0,0,21437,38,79,1,1,72819,65,1,2029996,499292,2217108,16945958,30148226,0,689455,52530035,9,0,65,1404818415,1457348450
343,1,15,26,0,9,0,0,0,18,13,9,1,6,0,1,0,0,0,0,1,0,0,0,0,2,0,0,14,41,32,41,9,41,0,896,6542,0,0,0,16341,33,69,1,1,49780,55,1,1612988,364341,1381671,14472983,18164400,0,583385,36579768,9,0,56,1210305096,1246884864
344,1,6,17,0,6,0,0,0,7,9,9,0,4,0,1,0,0,0,0,0,0,0,0,0,0,0,0,14,24,29,24,9,24,0,470,4132,0,0,0,9615,30,68,1,1,20801,54,1,1305756,222514,835200,8675682,10754606,0,572778,22366536,9,0,55,1188692505,1211059041
345,1,7,11,0,2,0,0,0,3,8,4,1,1,0,2,0,0,0,0,1,0,0,0,0,0,0,1,14,16,27,16,9,16,0,336,2382,0,0,0,8708,28,64,1,1,44519,50,1,1054975,161806,486678,6364869,5963111,0,530350,14561789,9,0,51,1102242141,1116803930
346,1,9,16,4,6,0,0,0,12,8,6,1,4,0,2,0,0,0,0,2,0,0,0,0,0,0,1,14,33,31,33,9,33,0,623,4476,0,0,0,14633,32,66,1,1,75229,52,1,1132185,308794,1015991,9932439,12568718,0,551564,25509691,9,0,53,1145467323,1170977014
347,1,2,1,0,1,0,0,0,1,2,0,0,0,0,1,0,0,0,0,1,0,0,0,0,0,0,0,14,3,19,3,9,3,0,68,516,0,0,0,2792,20,53,1,1,1206,39,1,289708,51844,148151,1216217,1549166,0,413673,3668759,9,0,39,842891049,846559808
348,1,7,10,0,12,0,0,0,9,11,2,0,5,0,1,1,0,0,0,1,0,0,0,0,0,0,0,14,24,34,24,9,24,0,491,3794,0,0,0,13837,35,70,1,1,46404,56,1,1807507,257292,898995,9283790,10950046,0,593992,23791622,9,0,56,1210305096,1234096718
349,1,5,11,0,7,0,0,0,9,6,4,0,2,0,1,0,0,0,0,1,1,0,0,0,0,0,0,14,20,33,20,9,20,0,374,2946,0,0,0,13207,34,67,1,1,67305,53,1,1407562,241620,857265,6972978,10687889,0,562171,20729485,9,0,53,1145467323,1166196808
350,1,2,7,0,2,0,0,0,1,5,3,0,2,0,1,0,0,0,0,0,0,0,0,0,0,0,0,14,10,22,10,9,10,0,176,1414,0,0,0,4285,23,59,1,1,54405,45,1,566715,91453,296207,3486489,3407221,0,477315,8325400,9,0,45,972566595,980891995
351,1,5,6,0,11,0,0,0,4,10,4,0,2,0,1,0,0,0,0,1,0,0,0,0,1,0,0,14,19,26,19,9,19,0,368,3132,0,0,0,8022,27,65,1,1,41793,51,1,1064757,191894,644413,6486491,7694852,0,540957,16623364,9,0,51,1102242141,1118865505
352,1,3,2,0,4,0,0,0,3,2,3,0,1,0,1,0,0,0,0,0,0,0,0,0,0,0,0,14,8,27,8,9,8,0,135,1177,0,0,0,6485,28,61,1,1,7863,47,1,564260,137209,545028,2837840,7236484,0,498529,11819350,9,0,47,1015791777,1027611127
353,1,3,1,0,1,0,0,0,2,2,0,0,0,0,1,0,0,0,0,0,0,0,0,0,0,0,1,14,4,26,4,9,4,0,65,457,0,0,0,3678,27,60,1,1,7988,46,1,452744,72555,250487,1500001,2987472,0,487922,5751181,9,0,46,994179186,999930367
354,1,1,0,0,0,0,0,0,0,1,0,0,0,0,1,0,0,0,0,0,0,0,0,0,0,0,0,14,1,15,1,9,1,0,19,152,0,0,0,2563,16,53,1,1,0,39,1,136912,45827,124952,567568,1255732,0,413673,2544664,9,0,39,842891049,845435713
355,1,12,21,1,5,0,0,0,10,12,7,0,5,0,1,0,0,0,0,1,0,0,0,1,1,0,2,14,29,29,29,9,29,0,615,4483,0,0,0,12897,30,65,1,1,85381,51,1,1167067,270843,1006579,10864872,12843290,0,540957,26693608,9,0,52,1123854732,1150548340
356,1,4,11,0,8,0,0,0,4,11,5,0,0,1,1,0,0,0,0,0,0,0,0,0,2,0,0,14,21,39,20,9,20,0,393,3107,0,0,0,15472,34,67,1,1,39004,53,1,1146799,318247,964837,7135140,11488613,0,562171,21615807,9,0,53,1145467323,1167083130
357,1,5,19,0,8,0,0,0,17,9,3,0,1,0,1,0,0,0,0,1,0,0,0,0,0,0,1,14,31,29,31,9,31,0,654,4745,0,0,0,15136,30,63,1,1,61847,49,1,1147318,297359,1153990,9729736,14956434,0,519743,27804580,9,0,49,1059016959,1086821539
358,1,4,10,0,4,0,0,0,4,5,3,1,3,0,1,0,0,0,0,2,0,0,0,0,0,0,0,14,17,30,17,9,17,0,325,2061,0,0,0,6781,31,63,1,1,37416,49,1,933428,131462,408431,6000004,4669837,0,519743,12662905,9,0,49,1059016959,1071679864
359,1,7,21,0,4,0,0,0,10,10,4,0,4,0,2,0,0,0,0,3,0,0,0,0,0,0,0,14,29,31,29,9,29,0,494,4151,0,0,0,11359,32,65,1,1,49303,51,1,1229641,231260,862490,9810817,11051585,0,540957,23726750,9,0,51,1102242141,1125968891
360,1,3,4,0,4,0,0,0,0,6,1,0,2,0,1,0,0,0,0,1,0,0,1,0,0,0,0,14,9,33,9,9,9,0,201,1811,0,0,0,8902,34,66,1,1,21868,52,1,752502,134923,347194,3202705,3432147,0,551564,8421035,9,0,53,1145467323,1153888358
361,1,2,3,0,3,0,0,0,4,1,1,1,1,0,1,0,0,0,0,0,0,0,0,0,0,0,0,14,8,28,8,9,8,0,162,1092,0,0,0,4328,29,62,1,1,14693,48,1,732048,86500,330797,2554056,4185786,0,509136,8398323,9,0,48,1037404368,1045802691
362,1,8,11,0,7,0,0,0,6,9,2,1,4,0,2,0,0,0,1,0,0,0,0,0,1,0,1,14,22,40,21,9,21,0,438,3148,0,0,0,12313,30,62,1,1,93086,48,1,1009754,223542,810865,7256762,10226665,0,509136,20036724,9,0,49,1059016959,1079053683
363,1,4,11,0,2,0,0,0,3,10,2,0,1,0,1,0,0,0,0,1,0,0,0,0,0,0,0,14,15,37,15,9,15,0,319,2621,0,0,0,6268,38,70,1,1,33155,56,1,1175440,147692,469733,5270274,5362673,0,593992,13019804,9,0,57,1231917687,1244937491
364,1,1,1,0,1,0,0,0,1,1,0,0,1,0,1,0,0,0,0,0,0,0,0,0,0,0,0,14,3,19,3,9,3,0,72,516,0,0,0,2752,20,57,1,1,3904,43,1,260145,50102,147290,1135136,1561437,0,456101,3610211,9,0,43,929341413,932951624
365,1,5,2,5,7,0,0,0,4,7,0,1,5,1,2,0,0,0,0,0,0,0,0,0,0,0,0,14,16,28,16,9,16,0,316,2007,0,0,0,11182,29,61,1,1,47523,47,1,992192,249795,821405,5918923,9601802,0,498529,18082646,9,0,47,1015791777,1033874423
366,1,4,5,0,0,0,0,0,1,3,0,0,4,0,1,0,0,0,0,0,0,0,0,0,1,0,0,14,8,24,8,9,8,0,125,1065,0,0,0,3185,25,60,1,1,14825,46,1,550720,62278,184243,2797299,1998672,0,487922,6081134,9,0,46,994179186,1000260320
367,1,6,19,0,12,0,0,0,8,14,4,2,6,0,1,0,1,0,0,0,0,0,0,0,1,0,1,14,33,33,33,9,33,0,658,5351,0,0,0,13938,34,66,1,1,42485,52,1,1331061,329105,1193460,11594603,14852644,0,551564,29852437,9,0,53,1145467323,1175319760
368,1,3,5,0,5,0,0,0,2,8,0,0,1,0,1,0,0,0,0,0,0,0,0,0,1,1,0,14,11,25,11,9,11,0,208,1946,0,0,0,5457,26,61,1,1,55942,47,1,717467,125956,397602,3851354,4457806,0,498529,10048714,9,0,47,1015791777,1025840491
369,1,5,11,0,6,0,0,0,7,7,3,0,4,0,1,0,0,0,0,1,0,0,0,0,0,0,0,14,20,27,20,9,20,0,375,3130,0,0,0,8695,28,60,1,1,43723,46,1,827198,162991,565398,6608113,6900705,0,487922,15552327,9,0,46,994179186,1009731513
370,1,5,6,0,2,0,0,0,3,4,2,0,3,0,1,0,0,0,0,1,0,0,0,0,0,0,0,14,11,28,11,9,11,0,177,1601,0,0,0,6403,29,68,1,1,23800,54,1,970108,117608,377491,4216219,4417570,0,572778,10671774,9,0,54,1167079914,1177751688
371,1,9,17,2,16,0,0,0,14,16,11,0,2,0,1,0,0,0,0,1,0,0,0,0,0,0,0,14,40,30,40,9,40,0,784,5551,0,0,0,13953,31,63,1,1,36241,49,1,1349703,338040,1267053,12729739,16123750,0,519743,32328028,9,0,50,1080629550,1112957578
372,1,2,5,0,1,0,0,0,1,4,1,1,1,0,1,0,0,0,0,0,0,0,0,0,0,0,0,14,7,22,7,9,7,0,167,1393,0,0,0,3646,23,59,1,1,11218,45,1,555346,75665,224721,2554056,2428497,0,477315,6315600,9,0,45,972566595,978882195
373,1,8,16,0,6,0,0,0,9,9,4,2,2,0,1,0,0,0,0,2,0,0,0,0,1,0,1,14,25,30,25,9,25,0,451,3305,0,0,0,14201,31,68,1,1,37590,54,1,1150773,297484,1156492,8432438,15079404,0,572778,26689369,9,0,54,1167079914,1193769283
374,1,2,3,0,2,0,0,0,0,5,0,0,0,0,2,0,0,0,0,0,0,0,0,0,0,0,1,14,7,24,6,9,6,0,122,865,0,0,0,4748,21,53,1,1,10358,39,1,454767,97222,274568,1986488,2851772,0,413673,6078490,9,0,40,864503640,870582130
375,1,4,2,0,1,0,0,0,0,3,0,0,3,0,1,0,1,0,0,0,0,0,0,0,0,0,0,14,7,21,7,9,7,0,98,882,0,0,0,4609,22,55,1,1,5754,41,1,426795,91962,257798,2351353,2683137,0,434887,6245932,9,0,41,886116231,892362163
376,1,13,7,0,6,0,0,0,5,9,1,0,3,0,1,0,0,0,0,5,0,0,0,0,0,0,3,14,17,36,17,9,17,0,314,2860,0,0,0,7851,37,86,1,1,33307,72,1,844549,186869,639066,6121625,7660925,0,763704,16216738,9,0,72,1556106552,1572323290
377,1,2,5,0,3,0,0,0,1,8,0,0,1,0,1,0,0,0,0,0,0,0,0,0,0,0,0,14,9,37,9,9,9,0,151,1261,0,0,0,6779,38,73,1,1,56980,59,1,592159,167970,500268,3283786,5340126,0,625813,10510122,9,0,59,1275142869,1285652991
378,1,3,10,0,5,0,0,0,8,5,5,0,0,0,1,0,0,0,0,0,0,0,0,0,0,0,0,14,17,27,17,9,17,0,358,2826,0,0,0,9932,28,62,1,1,45089,48,1,947812,243205,817605,5797301,10118047,0,509136,18433106,9,0,49,1059016959,1077450065
379,1,6,9,0,0,0,0,0,3,6,1,0,3,0,1,0,0,0,0,0,0,0,0,0,2,0,0,14,13,27,13,9,13,0,222,1981,0,0,0,6370,28,62,1,1,26334,48,1,849351,150602,403158,4581084,5000372,0,509136,11493703,9,0,48,1037404368,1048898071
380,1,3,4,0,8,0,0,0,6,4,4,0,1,0,1,0,0,0,0,0,0,0,0,0,0,0,0,14,13,28,13,9,13,0,252,1926,0,0,0,8108,29,61,1,1,35619,47,1,911229,179356,667297,4986490,8509488,0,498529,15752389,9,0,48,1037404368,1053156757
381,1,2,0,0,0,0,0,0,0,1,0,0,1,0,0,0,0,0,0,0,0,0,0,0,1,0,0,14,2,19,2,9,2,0,20,155,0,0,0,2592,20,54,1,1,0,40,1,145222,46689,126454,932433,1276099,0,424280,2951177,9,0,40,864503640,867454817
382,1,7,21,0,10,0,0,0,14,9,6,1,5,0,2,0,0,0,0,2,0,0,0,0,0,0,0,14,36,36,36,9,36,0,703,4671,0,0,0,9430,37,67,1,1,60332,53,1,1272829,206213,768568,10743251,9952960,0,562171,23505992,9,0,53,1145467323,1168973315
383,1,2,5,0,0,0,0,0,0,3,0,1,1,0,2,0,0,0,0,1,0,0,0,0,0,0,0,14,6,24,6,9,6,0,125,1083,0,0,0,6359,25,57,1,1,14042,43,1,530451,90037,224044,2148650,2134694,0,456101,5583977,9,0,43,929341413,934925390
384,1,3,12,0,5,0,0,0,8,10,1,0,0,0,1,0,0,0,0,0,0,0,0,0,0,1,0,14,18,23,18,9,18,0,360,2989,0,0,0,8577,24,63,1,1,25160,49,1,942702,198734,741614,6567572,9239858,0,519743,18210223,9,0,49,1059016959,1077227182
385,1,3,4,0,1,0,0,0,1,3,2,0,1,0,2,0,0,0,0,0,0,0,0,0,0,0,0,14,7,20,7,9,7,0,118,1223,0,0,0,4178,21,56,1,1,14078,42,1,442957,78726,248611,2554056,2875494,0,445494,6645338,9,0,43,929341413,935986751
386,1,3,18,0,8,0,0,0,8,15,3,0,1,0,1,0,0,0,0,1,0,0,0,0,1,0,0,14,28,29,28,9,28,0,540,4537,0,0,0,9668,30,63,1,1,52433,49,1,1152659,230854,853540,8918925,10563305,0,519743,22239026,9,0,49,1059016959,1081255985
387,1,4,15,0,4,0,0,0,6,8,1,0,6,0,1,0,0,0,0,1,0,0,0,0,0,1,0,14,20,26,20,9,20,0,420,3435,0,0,0,10246,27,60,1,1,49375,46,1,927157,226747,854404,6972978,10737744,0,487922,20206952,9,0,46,994179186,1014386138
388,1,3,13,1,8,0,0,0,5,15,0,1,3,0,1,0,0,0,0,1,0,0,0,0,0,0,0,14,25,23,25,9,25,0,526,3739,0,0,0,9835,25,61,1,1,87899,47,1,1034474,228463,757602,7743249,8844551,0,498529,19106868,9,0,48,1037404368,1056511236
389,1,2,0,0,2,0,0,0,1,2,0,0,0,0,1,0,0,0,0,0,0,0,0,0,1,0,0,14,3,20,3,9,3,0,54,445,0,0,0,2986,21,55,1,1,2085,41,1,304742,57122,167044,1216217,1783136,0,434887,3963148,9,0,42,907728822,911691970
390,1,1,2,0,0,0,0,0,0,2,0,1,0,0,1,0,0,0,0,0,0,0,0,0,0,0,0,14,3,24,3,9,3,0,82,604,0,0,0,2760,25,58,1,1,1903,44,1,298468,51882,145016,1135136,1463717,0,466708,3560927,9,0,44,950954004,954514931
391,1,4,8,0,2,0,0,0,2,7,2,0,1,1,1,0,0,0,0,1,0,0,0,0,0,0,0,14,12,26,12,9,12,0,206,2151,0,0,0,9748,27,60,1,1,36888,46,1,743961,259723,648347,4297300,7625470,0,487922,14062723,9,0,46,994179186,1008241909
392,1,6,22,0,10,0,0,0,16,9,7,1,2,0,1,0,0,0,0,0,1,0,0,0,0,1,1,14,33,37,33,9,33,0,654,5173,0,0,0,12589,38,75,1,1,72165,61,1,1413209,235083,850816,11189197,10804352,0,647027,25139684,9,0,61,1318368051,1343507735
393,1,12,21,0,16,0,0,0,24,12,7,1,1,0,1,0,0,0,0,1,0,0,0,0,3,0,0,14,44,50,43,9,43,0,947,6098,0,0,0,19529,47,82,1,1,59856,68,1,1796522,457576,1917833,14351361,25687632,0,721276,44932200,8,0,68,1469656188,1514588388
394,1,13,6,0,6,0,0,0,3,9,0,0,6,0,1,0,0,0,0,2,0,0,0,1,1,1,2,14,18,27,18,9,18,0,294,2117,0,0,0,8673,28,65,1,1,42702,51,1,900699,186932,616189,6810815,7197991,0,540957,16253583,8,0,51,1102242141,1118495724
395,1,1,3,0,4,0,0,0,3,5,0,0,0,0,1,0,0,0,0,0,0,0,0,0,0,0,0,14,8,26,8,9,8,0,177,1682,0,0,0,5772,27,63,1,1,17595,49,1,704576,134092,431914,2918921,4910167,0,519743,9619413,8,0,49,1059016959,1068636372
396,1,2,0,0,2,0,0,0,1,2,0,0,1,0,1,0,0,0,0,0,0,0,0,0,0,0,0,14,4,20,4,9,4,0,53,407,0,0,0,3404,21,57,1,1,316,43,1,309657,68569,207306,1500001,2258193,0,456101,4799827,8,0,43,929341413,934141240
397,1,3,3,0,4,0,0,0,4,3,0,0,1,0,1,0,0,0,0,0,1,0,0,0,0,0,1,14,9,25,9,9,9,0,160,1368,0,0,0,9357,26,58,1,1,51609,44,1,641275,167269,514560,3567570,5770124,0,466708,11127506,8,0,45,972566595,983694101
398,1,2,2,0,1,0,0,0,0,3,0,1,0,0,1,0,0,0,0,1,0,0,0,0,0,0,0,14,5,20,5,9,5,0,85,587,0,0,0,2983,21,54,1,1,1542,40,1,406997,57999,161962,1500001,1664343,0,424280,4215582,8,0,40,864503640,868719222
399,1,7,11,0,9,0,0,0,9,13,3,0,1,0,1,0,0,0,0,0,0,0,0,0,1,0,0,14,23,28,23,9,23,0,438,3506,0,0,0,12801,29,63,1,1,47519,49,1,880953,313385,1121710,8148654,14314876,0,519743,25299321,8,0,50,1080629550,1105928871
400,1,12,18,0,15,0,0,0,15,9,5,1,9,1,1,1,0,0,0,1,0,0,0,1,1,1,0,14,36,30,36,9,36,0,736,5010,0,0,0,24337,31,68,1,1,55851,54,1,1358395,536078,1458626,12608117,18037728,0,572778,34571722,8,0,55,1188692505,1223264227
401,1,5,4,0,0,0,0,0,1,4,0,0,1,0,2,0,0,0,0,1,0,0,0,0,0,0,1,14,6,23,6,9,6,0,119,825,0,0,0,5973,24,68,1,1,2160,54,1,627676,97358,283427,2432434,3077827,0,572778,7091500,8,0,54,1167079914,1174171414
402,1,1,4,0,3,0,0,0,4,3,1,0,0,0,1,0,0,0,0,0,0,0,0,0,0,0,0,14,8,21,8,9,8,0,178,974,0,0,0,5723,22,56,1,1,13425,42,1,467645,122834,469366,2554056,5950868,0,445494,10010263,8,0,43,929341413,939351676
403,1,4,15,1,7,0,0,0,8,13,3,1,0,0,1,0,0,0,0,1,0,0,0,0,1,0,0,14,24,28,24,9,24,0,518,4377,0,0,0,9700,29,61,1,1,53705,47,1,992779,235567,820808,7621627,9946026,0,498529,20115336,8,0,48,1037404368,1057519704
404,1,4,5,0,6,0,0,0,3,6,1,1,1,0,1,0,0,0,0,2,0,0,0,0,0,1,0,14,12,25,12,9,12,0,251,2199,0,0,0,6766,26,60,1,1,67886,46,1,777384,132889,405938,4500003,4600865,0,487922,10905001,8,0,46,994179186,1005084187
405,1,3,5,0,1,0,0,0,1,5,0,0,1,0,2,0,0,0,0,1,0,0,0,0,0,0,0,14,8,25,8,9,8,0,186,1490,0,0,0,7853,30,60,1,1,21246,46,1,631203,128003,382849,2716218,4214928,0,487922,8561123,8,0,46,994179186,1002740309
406,1,18,30,0,24,0,0,0,27,19,14,2,5,0,1,0,0,0,0,1,0,0,0,0,0,0,4,14,60,37,60,9,60,0,1192,8197,0,0,0,22049,38,77,1,1,63325,63,1,1939663,459886,1760201,20432447,22719236,0,668241,47979674,8,0,63,1361593233,1409572907
407,1,2,3,0,1,0,0,0,1,3,1,0,1,0,1,0,0,0,0,0,0,0,0,0,0,0,0,14,6,24,6,9,6,0,117,987,0,0,0,3541,25,57,1,1,25866,43,1,495637,73205,215735,1986488,2295777,0,456101,5522943,8,0,44,950954004,956476947
408,1,2,2,0,4,0,0,0,3,1,1,2,1,0,1,0,0,0,0,0,0,0,0,0,0,0,0,14,7,34,7,9,7,0,180,1474,0,0,0,4457,35,74,1,1,25574,60,1,703539,85671,310078,2918921,3864552,0,636420,8519181,8,0,60,1296755460,1305274641
409,1,14,31,2,13,0,0,0,23,10,14,0,8,0,1,0,0,0,0,2,1,0,0,0,1,0,1,14,49,38,49,9,49,0,1083,7142,0,0,0,21112,39,77,1,1,79587,63,1,2003975,406544,1549732,17594607,19965291,0,668241,42188390,8,0,63,1361593233,1403781623
410,1,6,5,0,4,0,0,0,2,5,3,0,2,0,1,0,1,0,0,0,0,0,0,0,1,0,1,14,12,35,12,9,12,0,205,1673,0,0,0,7506,36,69,1,1,19953,55,1,1068911,127769,362470,5148652,4019961,0,583385,11311148,8,0,55,1188692505,1200003653
411,1,9,9,0,6,0,0,0,5,7,6,1,1,0,3,0,0,0,0,1,0,0,0,0,1,0,0,14,17,26,17,9,17,0,268,2216,0,0,0,9012,27,72,1,1,60095,58,1,809442,182333,628969,7054059,7702387,0,615206,16992396,8,0,58,1253530278,1270522674
412,1,1,2,0,1,0,0,0,1,2,0,0,0,0,1,0,0,0,0,0,0,0,0,0,0,1,0,14,4,20,4,9,4,0,65,551,0,0,0,2949,22,55,1,1,714,41,1,278729,55351,167062,1418920,1821240,0,434887,4176189,8,0,41,886116231,890292420
413,1,8,7,1,6,0,0,0,4,5,5,2,4,0,1,0,0,0,0,0,0,0,0,0,1,0,1,14,18,39,17,9,17,0,347,2519,0,0,0,8476,30,72,1,1,29473,58,1,835123,193603,754721,6121626,9658674,0,615206,18178953,8,0,58,1253530278,1271709231
414,1,1,0,0,0,0,0,0,0,1,0,0,0,0,1,0,0,0,0,0,0,0,0,0,0,0,0,14,1,15,1,9,1,0,19,152,0,0,0,2562,16,53,1,1,0,39,1,140321,45817,124952,567568,1255578,0,413673,2547909,8,0,39,842891049,845438958
415,1,22,36,0,30,0,0,0,24,35,13,1,6,0,2,0,0,0,1,0,1,0,0,0,5,0,1,14,76,40,76,9,76,0,1332,8513,0,0,0,35627,41,73,1,1,93881,59,1,2209230,729804,2544666,26594613,31179439,0,625813,63883565,8,0,60,1296755460,1360639025
416,1,6,5,0,10,0,0,0,5,11,1,0,3,0,1,0,0,0,1,0,0,0,0,0,0,0,0,14,20,38,20,9,20,0,372,3078,0,0,0,11593,39,72,1,1,73197,58,1,1123094,239621,736610,6567572,8668151,0,615206,17950254,8,0,58,1253530278,1271480532
417,1,2,7,0,5,0,0,0,2,4,5,0,2,0,1,0,0,0,0,1,0,0,0,0,0,0,0,14,13,33,13,9,13,0,274,2423,0,0,0,6118,34,66,1,1,19848,52,1,1167449,111968,354375,4621625,4172651,0,551564,10979632,8,0,53,1145467323,1156446955
418,1,7,8,0,1,0,0,0,3,7,1,1,2,1,2,0,0,0,0,0,0,0,0,0,0,0,0,14,14,25,14,9,14,0,192,1792,0,0,0,10738,26,58,1,1,33790,44,1,738715,242741,631473,5189193,7712418,0,466708,14981248,8,0,45,972566595,987547843
419,1,1,4,0,1,0,0,0,2,4,0,0,0,0,1,0,0,0,0,0,0,0,0,0,0,0,0,14,6,23,6,9,6,0,98,1072,0,0,0,3671,24,57,1,1,22988,43,1,417149,74077,242602,1986488,2787743,0,456101,5964160,8,0,43,929341413,935305573
420,1,4,18,0,11,0,0,0,10,11,7,0,2,0,1,0,0,0,0,1,0,0,0,0,0,0,2,14,30,37,30,9,30,0,660,5324,0,0,0,9437,38,70,1,1,49410,56,1,1505851,220817,823347,9283790,10454432,0,593992,22882229,8,0,57,1231917687,1254799916
421,1,3,9,0,5,0,0,0,12,5,0,0,0,0,1,0,0,0,0,0,0,0,0,0,0,0,0,14,17,28,17,9,17,0,306,2648,0,0,0,8665,29,62,1,1,40296,48,1,908726,184636,770858,5675680,10141213,0,509136,18190249,8,0,48,1037404368,1055594617
422,1,8,15,0,6,0,0,0,4,15,1,0,4,0,1,0,0,0,0,3,0,0,0,0,2,0,0,14,24,27,24,8,24,0,437,3806,0,0,0,10314,28,62,1,1,77969,48,1,848390,256077,870086,8472978,10305821,0,509136,21262488,8,0,48,1037404368,1058666856
423,1,1,1,0,1,0,0,0,0,3,0,0,0,0,1,0,0,0,0,0,0,0,0,0,0,0,0,14,3,21,3,8,3,0,55,482,0,0,0,4078,22,55,1,1,3154,41,1,242148,89762,258624,1135136,2716192,0,434887,4876749,8,0,41,886116231,890992980
424,1,1,0,0,1,0,0,0,0,2,0,0,0,0,1,0,0,0,0,0,0,0,0,0,0,0,0,14,2,21,2,9,2,0,44,383,0,0,0,2767,22,55,1,1,0,41,1,226969,51743,142904,851352,1452388,0,434887,3160243,8,0,41,886116231,889276474
425,1,4,10,0,2,0,0,0,6,7,2,0,0,0,1,0,0,0,0,1,0,0,0,0,0,0,0,14,16,30,16,8,16,0,314,2401,0,0,0,7543,31,64,1,1,14506,50,1,851265,180919,573865,4702706,7064893,0,530350,13903998,8,0,50,1080629550,1094533548
426,1,2,0,0,1,0,0,0,0,2,0,0,1,0,1,0,0,0,0,0,0,0,0,0,0,0,0,14,3,20,3,8,3,0,37,296,0,0,0,2691,21,54,1,1,65,40,1,237873,49419,136216,1135136,1384504,0,424280,3367428,8,0,40,864503640,867871068
427,1,4,7,1,4,0,0,0,2,8,2,0,1,2,1,0,0,0,0,0,0,0,0,0,0,0,1,14,14,29,14,8,14,0,228,1733,0,0,0,7546,30,62,1,1,34181,48,1,850200,168945,465712,5067571,5140865,0,509136,12202429,8,0,49,1059016959,1071219388
428,1,6,9,0,8,0,0,0,11,3,6,0,1,0,1,0,0,0,0,0,0,0,0,0,0,1,1,14,19,28,19,8,19,0,372,2728,0,0,0,8627,29,63,1,1,34765,49,1,1142185,188626,756883,6770275,10215485,0,519743,19593197,8,0,50,1080629550,1100222747
429,1,4,13,0,4,0,0,0,3,12,3,0,2,0,1,0,0,0,0,0,0,0,0,0,0,0,1,14,18,26,18,8,18,0,391,3085,0,0,0,10843,27,61,1,1,53154,47,1,1018942,230062,729673,6324329,8475251,0,498529,17276786,8,0,47,1015791777,1033068563
430,1,14,26,0,19,0,0,0,26,12,12,2,4,0,2,0,0,0,0,1,0,0,0,0,0,0,1,14,50,34,50,8,50,0,946,6980,0,0,0,21871,37,79,1,1,73314,65,1,1658878,441225,1788099,18324337,23694505,0,689455,46596499,8,0,65,1404818415,1451414914
431,1,5,24,0,16,0,0,0,22,15,4,2,2,0,1,0,0,0,0,0,0,0,0,0,0,0,0,14,44,32,44,8,44,0,834,6378,0,0,0,16284,33,66,1,1,60551,52,1,1437408,350164,1374795,13945956,17745266,0,551564,35405153,8,0,52,1123854732,1159259885
432,1,7,13,3,5,0,0,0,10,6,5,0,4,0,1,0,0,0,0,1,0,0,0,0,0,0,2,14,23,35,23,8,23,0,447,2917,0,0,0,8150,36,68,1,1,35758,54,1,1317408,188092,678751,8229735,8544970,0,572778,19531734,8,0,55,1188692505,1208224239
433,1,1,1,0,1,0,0,0,0,3,0,0,0,0,1,0,0,0,0,0,0,0,0,0,0,0,0,14,3,21,3,8,3,0,71,480,0,0,0,2783,22,54,1,1,31,40,1,325504,52207,144400,1135136,1467812,0,424280,3549339,8,0,41,886116231,889665570
434,1,3,6,0,0,0,0,0,2,2,2,0,2,0,1,0,0,0,0,0,0,0,0,0,1,0,0,14,8,22,8,8,8,0,135,1171,0,0,0,4186,23,58,1,1,14938,44,1,615352,74275,205494,3081083,2243637,0,466708,6686549,8,0,44,950954004,957640553
435,1,26,41,2,31,0,0,0,44,19,24,0,4,0,1,0,1,0,0,4,0,0,0,0,1,0,3,14,86,40,86,8,86,0,1662,9461,0,0,0,32617,41,77,1,1,92090,63,1,2224263,721575,2915907,27729749,38630531,0,668241,72890266,8,0,63,1361593233,1434483499
436,1,1,1,0,1,0,0,0,0,3,0,0,0,0,1,0,0,0,0,0,0,0,0,0,0,0,0,14,3,21,3,8,3,0,35,392,0,0,0,2889,22,55,1,1,8791,41,1,196752,55281,153816,1135136,1569996,0,434887,3545868,8,0,41,886116231,889662099
437,1,2,1,0,2,0,0,0,1,2,0,0,2,0,1,0,0,0,0,0,0,0,0,0,0,0,0,14,5,22,5,8,5,0,76,781,0,0,0,2974,23,57,1,1,4542,43,1,385043,57151,162052,1783785,1686488,0,456101,4530620,8,0,43,929341413,933872033
438,1,12,17,1,10,0,0,0,11,15,6,1,5,0,1,0,0,0,0,2,0,0,0,0,0,0,0,14,32,34,32,8,32,0,589,4053,0,0,0,9599,35,67,1,1,60695,53,1,1314195,222120,787279,11554062,10182807,0,562171,24622634,8,0,54,1167079914,1191702548
439,1,2,0,0,1,0,0,0,0,2,0,0,0,0,1,0,0,0,0,0,0,0,0,0,1,0,0,14,2,20,2,8,2,0,49,330,0,0,0,2944,21,58,1,1,0,44,1,288069,57537,150580,1216217,1537210,0,466708,3716321,8,0,45,972566595,976282916
440,1,17,20,0,12,0,0,0,13,11,12,1,3,0,3,0,0,0,0,3,0,0,0,0,1,0,3,14,34,37,34,8,34,0,572,5022,0,0,0,14202,38,74,1,1,75971,60,1,1607235,295553,1028719,13378387,12603402,0,636420,29549716,8,0,60,1296755460,1326305176
441,1,4,9,0,6,0,0,0,7,7,3,0,0,0,2,0,0,0,0,1,0,0,0,0,0,0,0,14,16,26,16,8,16,0,374,2678,0,0,0,10613,27,60,1,1,42966,46,1,875248,192268,699000,5554058,8662359,0,487922,16470855,8,0,46,994179186,1010650041
442,1,2,1,0,1,0,0,0,1,2,0,0,1,0,0,0,0,0,0,0,0,0,0,0,1,0,0,14,4,23,4,8,4,0,63,601,0,0,0,3004,24,57,1,1,12877,43,1,276517,57311,169516,1500001,1831724,0,456101,4291170,8,0,43,929341413,933632583
443,1,17,15,0,12,0,0,0,12,11,10,1,3,0,2,0,0,0,0,5,0,0,0,0,0,0,1,14,34,30,34,8,34,0,548,3987,0,0,0,11725,31,72,1,1,60353,58,1,1322470,256330,937431,12243251,11952494,0,615206,27327182,8,0,58,1253530278,1280857460
444,1,14,31,0,32,0,0,0,35,20,12,1,3,0,1,0,0,0,0,5,0,0,0,0,1,0,0,14,71,43,71,8,71,0,1385,8669,0,0,0,29579,44,77,1,1,71887,63,1,2379059,723768,2906448,22175691,38156186,0,668241,67009393,8,0,63,1361593233,1428602626
445,1,7,21,0,8,0,0,0,13,16,3,0,1,0,2,0,0,0,0,1,0,0,0,0,1,0,0,14,30,27,30,8,30,0,597,4723,0,0,0,12760,28,65,1,1,50780,51,1,1327253,275750,960908,10986494,11668288,0,540957,25759650,8,0,51,1102242141,1128001791
446,1,40,60,0,43,0,0,0,44,35,31,2,11,0,5,0,1,0,0,8,1,0,0,0,3,1,2,14,114,42,113,8,113,0,2065,11884,0,0,0,56571,44,79,1,1,82744,65,1,2816712,1175976,4358924,40175703,55238222,0,689455,104454992,8,0,65,1404818415,1509273407
447,1,6,8,0,6,0,0,0,6,6,7,0,1,0,1,0,0,0,0,0,0,0,0,0,0,0,0,14,17,31,17,8,17,0,333,2601,0,0,0,7432,32,69,1,1,32110,55,1,1113076,165084,629299,6040545,8147069,0,583385,16678458,8,0,55,1188692505,1205370963
448,1,1,0,0,0,0,0,0,0,1,0,0,0,0,1,0,0,0,0,0,0,0,0,0,0,0,0,14,1,15,1,8,1,0,19,152,0,0,0,2563,16,53,1,1,0,39,1,140321,45827,124952,567568,1255732,0,413673,2548073,8,0,39,842891049,845439122
449,1,7,9,0,3,0,0,0,6,4,7,1,1,0,1,0,0,0,0,0,0,0,0,0,0,0,0,14,14,31,14,8,14,0,259,1986,0,0,0,7224,32,67,1,1,33064,53,1,929713,164594,592351,5756761,7394451,0,562171,15400041,8,0,54,1167079914,1182479955
450,1,12,14,1,12,0,0,0,11,10,10,2,2,0,1,0,1,0,0,1,0,0,0,0,0,0,2,14,29,29,29,8,29,0,612,4647,0,0,0,14363,30,70,1,1,62058,56,1,1283578,274909,925855,10905413,11484195,0,593992,25467942,8,0,56,1210305096,1235773038
451,1,5,14,0,6,0,0,0,7,11,1,1,1,1,1,0,0,0,0,2,0,0,0,0,0,0,1,14,21,25,21,8,21,0,452,3663,0,0,0,11640,26,61,1,1,42268,47,1,1069694,281942,778056,7135140,9542300,0,498529,19305661,8,0,47,1015791777,1035097438
452,1,4,8,2,7,0,0,0,5,7,4,0,2,1,1,0,0,0,0,1,0,0,0,0,1,0,0,14,20,35,20,8,20,0,390,3034,0,0,0,6386,37,68,1,1,30813,54,1,1069298,155407,429173,5635139,4959860,0,572778,12821655,8,0,54,1167079914,1179901569
453,1,30,37,0,24,0,0,0,42,21,14,1,7,0,1,0,0,0,0,3,0,0,0,0,1,2,0,14,76,38,76,8,76,0,1407,9344,0,0,0,29775,39,83,1,1,49949,69,1,2043519,694374,2699343,26797316,34757371,0,731883,67723806,8,0,69,1491268779,1558992585
454,1,1,0,0,5,0,0,0,0,6,0,0,0,0,1,0,0,0,0,0,0,0,0,0,0,0,0,14,6,22,6,8,6,0,99,802,0,0,0,4644,23,57,1,1,22764,43,1,412147,106176,309136,1986488,3261816,0,456101,6531864,8,0,43,929341413,935873277
455,1,2,9,0,3,0,0,0,7,4,2,0,1,0,1,0,0,0,0,0,0,0,0,0,0,0,0,14,14,27,14,8,14,0,290,2051,0,0,0,7123,28,60,1,1,28381,46,1,767735,163424,602893,4256760,7408620,0,487922,13687354,8,0,46,994179186,1007866540
456,1,1,6,0,3,0,0,0,2,7,0,0,1,0,1,0,0,0,0,0,0,0,0,0,0,0,0,14,10,30,10,8,10,0,208,1770,0,0,0,4522,31,64,1,1,40290,50,1,720799,98827,315804,3405408,3570443,0,530350,8641631,8,0,50,1080629550,1089271181
457,1,5,8,0,13,0,0,0,9,10,2,0,2,0,1,0,0,0,0,1,0,0,0,0,2,0,0,14,23,38,23,8,23,0,479,3813,0,0,0,10271,39,73,1,1,81301,59,1,1857829,235083,949517,7216221,12444359,0,625813,23328822,8,0,59,1275142869,1298471691
458,1,2,1,0,0,0,0,0,1,1,0,0,0,0,1,0,0,0,0,1,0,0,0,0,0,0,0,14,3,19,3,8,3,0,45,272,0,0,0,2694,25,57,1,1,167,43,1,187395,48821,141529,932433,1483045,0,456101,3249324,8,0,43,929341413,932590737
459,1,2,5,0,3,0,0,0,4,3,3,0,0,0,1,0,0,0,0,0,0,0,0,0,0,0,0,14,9,24,9,8,9,0,173,1176,0,0,0,5330,25,58,1,1,36973,44,1,674660,114576,414089,3121624,5142302,0,466708,9933959,8,0,44,950954004,960887963
460,1,1,1,0,1,0,0,0,0,3,0,0,0,0,1,0,0,0,0,0,0,0,0,0,0,0,0,14,3,21,3,8,3,0,60,525,0,0,0,2840,22,54,1,1,14821,40,1,279018,53840,149101,1216217,1522000,0,424280,3644456,8,0,41,886116231,889760687
461,1,2,9,0,6,0,0,0,5,8,1,0,1,0,1,0,0,0,0,1,0,0,0,0,0,0,1,14,16,26,16,8,16,0,346,2837,0,0,0,6651,27,60,1,1,33519,46,1,835739,149664,547588,4783787,6813105,0,487922,13617805,8,0,46,994179186,1007796991
462,1,6,14,0,8,0,0,0,5,14,8,0,0,0,1,0,0,0,0,0,0,0,0,0,0,0,1,14,23,28,23,8,23,0,443,3882,0,0,0,10286,29,69,1,1,44906,55,1,1093967,228250,748522,8675682,8827591,0,583385,20157397,8,0,55,1188692505,1208849902
463,1,2,5,0,9,0,0,0,6,7,2,0,0,0,1,0,0,0,0,1,0,0,0,0,0,0,0,14,15,29,15,8,15,0,310,2375,0,0,0,5800,30,63,1,1,60892,49,1,1070022,127182,459302,4621625,5693982,0,519743,12491856,8,0,49,1059016959,1071508815
464,1,17,35,2,24,0,0,0,17,29,16,2,8,0,1,0,0,0,0,3,0,0,0,0,2,1,0,14,66,40,66,8,66,0,1231,9213,0,0,0,21737,41,74,1,1,79886,60,1,2048267,540992,1823525,22216232,21852565,0,636420,49118001,8,0,60,1296755460,1345873461
465,1,55,79,1,61,0,0,0,67,54,28,3,20,2,2,0,0,0,0,9,1,0,0,0,3,3,5,14,162,52,161,9,161,0,2779,16924,0,0,0,57776,53,88,1,1,115562,74,1,3148912,1329224,5108274,55135173,66290538,0,784918,131797039,8,0,75,1620944325,1752741364
466,1,1,0,0,0,0,0,0,0,1,0,0,0,0,1,0,0,0,0,0,0,0,0,0,0,0,0,14,1,15,1,9,1,0,19,152,0,0,0,2563,16,53,1,1,0,39,1,136912,45827,124952,567568,1255732,0,413673,2544664,8,0,39,842891049,845435713
467,1,2,7,0,2,0,0,0,3,5,1,0,2,0,1,0,0,0,0,0,0,0,0,0,0,0,0,14,11,24,11,9,11,0,228,1839,0,0,0,4701,25,58,1,1,24169,44,1,753329,100762,344434,3689192,4084952,0,466708,9439377,8,0,44,950954004,960393381
468,1,3,5,0,2,0,0,0,1,4,2,1,2,0,1,0,0,0,0,0,0,0,0,0,0,0,0,14,9,24,9,9,9,0,175,1176,0,0,0,3994,25,60,1,1,8320,46,1,660976,83546,257723,3121624,2923541,0,487922,7535332,8,0,47,1015791777,1023327109
469,1,2,9,0,4,0,0,0,3,8,1,1,1,0,2,0,0,0,0,0,0,0,0,0,0,0,0,14,15,25,15,9,15,0,287,2350,0,0,0,7930,26,59,1,1,33717,45,1,759142,171846,643157,4621625,8030033,0,477315,14703118,8,0,45,972566595,987269713
470,1,6,17,1,10,0,0,0,11,12,7,0,2,0,2,0,0,0,0,0,0,0,0,0,0,0,1,14,30,30,30,9,30,0,641,4369,0,0,0,13596,31,64,1,1,76508,50,1,1325061,285037,1073742,9810818,13782293,0,530350,26807301,8,0,50,1080629550,1107436851
471,1,4,3,0,7,0,0,0,5,4,2,0,1,0,1,0,0,0,0,2,0,0,0,0,0,0,0,14,11,29,11,9,11,0,249,1985,0,0,0,8189,30,66,1,1,69723,52,1,1042018,169724,556988,4297300,6559813,0,551564,13177407,8,0,52,1123854732,1137032139
472,1,2,2,0,1,0,0,0,0,3,1,0,0,0,2,0,0,0,0,0,0,0,0,0,0,0,0,14,5,25,5,9,5,0,90,671,0,0,0,4974,26,59,1,1,1019,45,1,365564,78119,202728,1702704,2067126,0,477315,4893556,8,0,45,972566595,977460151
473,1,33,48,0,41,0,0,0,53,26,27,2,6,0,1,0,0,0,0,3,0,0,0,0,1,1,3,14,97,40,96,9,96,0,1959,12116,0,0,0,35060,41,85,1,1,95444,71,1,2639988,775858,3301531,35310836,44333891,0,753097,87115201,8,0,71,1534493961,1621609162
474,1,1,6,0,3,0,0,0,1,8,0,0,1,0,1,0,0,0,0,0,0,0,0,0,0,0,0,14,10,26,10,9,10,0,217,1663,0,0,0,4821,27,60,1,1,54207,46,1,545190,109109,334915,3202705,3676767,0,487922,8356608,8,0,46,994179186,1002535794
475,1,26,52,1,48,0,0,0,35,46,19,2,12,2,1,0,0,0,0,3,0,0,0,0,4,2,2,14,107,48,107,9,107,0,1949,12682,0,0,0,38182,49,79,1,1,101216,65,1,2268847,1001498,3499537,35716240,43912165,0,689455,87087742,8,0,66,1426431006,1513518748
476,1,1,1,0,2,0,0,0,0,2,0,0,1,0,1,0,0,0,0,1,0,0,0,0,0,0,0,14,4,21,4,9,4,0,93,563,0,0,0,3087,22,55,1,1,7639,41,1,366512,60919,170938,1216217,1764868,0,434887,4014341,8,0,41,886116231,890130572
477,1,11,22,0,19,0,0,0,19,21,3,0,4,1,2,0,0,0,0,2,0,0,0,0,0,0,1,14,44,31,44,9,44,0,793,5870,0,0,0,22751,32,68,1,1,65555,54,1,1566410,529538,1789333,15891902,22888229,0,572778,43238190,8,0,54,1167079914,1210318104
478,1,1,1,0,1,0,0,0,1,2,0,0,0,0,1,0,0,0,0,0,0,0,0,0,0,0,0,14,3,22,3,9,3,0,65,447,0,0,0,3614,23,56,1,1,7802,42,1,284657,70642,245760,1135136,2945744,0,445494,5127433,8,0,42,907728822,912856255
479,1,2,11,0,8,0,0,0,5,12,3,0,1,0,1,0,0,0,0,0,0,0,0,0,0,0,0,14,20,29,20,9,20,0,398,2885,0,0,0,9757,30,63,1,1,48387,49,1,1098098,219286,736392,7459465,8716313,0,519743,18749297,8,0,49,1059016959,1077766256
480,1,7,15,1,6,0,0,0,7,11,4,3,1,0,1,0,0,0,0,2,0,0,0,0,0,0,1,14,26,26,26,9,26,0,509,3886,0,0,0,10376,35,65,1,1,53431,51,1,1122192,248534,909652,8067573,11337335,0,540957,22226243,8,0,51,1102242141,1124468384
481,1,12,28,1,14,0,0,0,21,15,6,2,7,0,1,0,1,0,0,2,0,0,0,0,0,0,1,14,46,32,46,9,46,0,955,6989,0,0,0,21967,41,74,1,1,83965,60,1,1569149,461652,1744713,15648660,22193354,0,636420,42253948,8,0,60,1296755460,1339009408
482,1,1,4,0,3,0,0,0,3,2,0,0,3,0,1,0,0,0,0,0,0,0,0,0,0,0,0,14,8,26,8,9,8,0,150,1422,0,0,0,4517,27,60,1,1,20184,46,1,547984,93087,346133,2635137,4285914,0,487922,8396177,8,0,46,994179186,1002575363
483,1,8,21,0,9,0,0,0,11,15,3,2,4,0,1,0,0,0,0,1,1,0,0,0,0,0,1,14,34,31,34,9,34,0,627,5066,0,0,0,15334,32,68,1,1,48065,54,1,1461843,286142,979085,12000008,11812949,0,572778,27112805,8,0,54,1167079914,1194192719
484,1,5,10,0,8,0,0,0,5,9,2,0,5,0,1,0,0,0,0,0,0,0,1,0,1,0,0,14,21,28,21,9,21,0,391,3380,0,0,0,9007,29,62,1,1,36631,48,1,1003250,168961,554576,6770275,6533669,0,509136,15539867,8,0,48,1037404368,1052944235
485,1,2,3,0,2,0,0,0,1,3,1,1,1,0,1,0,0,0,0,0,0,0,0,0,0,0,0,14,6,22,6,9,6,0,134,1149,0,0,0,7997,23,58,1,1,11476,44,1,658439,116404,305376,2635137,3201539,0,466708,7383603,8,0,45,972566595,979950198
486,1,1,5,0,3,0,0,0,2,6,0,0,1,0,1,0,0,0,0,0,0,0,0,0,0,0,0,14,9,27,9,9,9,0,195,1715,0,0,0,4620,28,60,1,1,11186,46,1,646409,101235,328286,2837840,3746239,0,487922,8147931,8,0,47,1015791777,1023939708
487,1,1,3,0,2,0,0,0,1,3,0,0,1,0,2,0,0,0,0,0,0,0,0,0,0,0,0,14,6,22,6,9,6,0,125,1165,0,0,0,5808,23,56,1,1,20180,42,1,474688,93790,271386,1986488,2913440,0,445494,6185286,8,0,42,907728822,913914108
488,1,44,77,1,62,0,0,0,82,34,22,4,14,0,6,0,0,0,0,13,0,0,0,0,3,1,6,14,159,56,157,9,157,0,3146,14438,0,0,0,63090,49,82,1,1,94524,68,1,3133601,1354880,5762430,49662196,76771169,0,721276,137405552,8,0,68,1469656188,1607061740
489,1,7,14,0,9,0,0,0,12,11,3,0,1,0,2,0,0,0,0,0,1,0,0,0,0,0,1,14,26,29,26,9,26,0,457,3499,0,0,0,14020,30,65,1,1,49779,51,1,1238369,304836,1123776,9121628,14040314,0,540957,26369880,8,0,51,1102242141,1128612021
490,1,5,4,0,8,0,0,0,7,4,2,0,2,0,1,0,0,0,0,0,0,0,0,0,0,0,2,14,13,35,13,9,13,0,268,2144,0,0,0,8943,36,69,1,1,32715,55,1,1324936,198878,824031,5067571,10939438,0,583385,18938239,8,0,55,1188692505,1207630744
491,1,3,11,0,6,0,0,0,6,10,1,0,1,0,1,0,0,0,0,0,0,0,0,0,0,0,2,14,18,30,18,9,18,0,323,3091,0,0,0,6961,31,64,1,1,31173,50,1,986033,158628,569821,5635139,7041971,0,530350,14921942,8,0,50,1080629550,1095551492
492,1,1,5,0,4,0,0,0,1,6,1,0,2,0,1,0,0,0,0,0,0,0,0,0,0,0,0,14,10,29,10,9,10,0,232,1770,0,0,0,5814,30,63,1,1,17746,49,1,735008,132425,407647,3405408,4512858,0,519743,9713089,8,0,49,1059016959,1068730048
493,1,5,8,0,2,0,0,0,3,5,1,0,3,0,2,0,0,0,1,0,0,0,0,0,1,0,0,14,12,27,12,9,12,0,195,1799,0,0,0,12678,28,61,1,1,17988,47,1,780625,233256,687852,4337841,7547789,0,498529,14085892,8,0,47,1015791777,1029877669
494,1,3,7,0,1,0,0,0,5,3,1,0,1,0,1,0,0,0,0,0,0,0,0,0,1,0,0,14,10,25,10,9,10,0,175,1749,0,0,0,5295,26,59,1,1,24272,45,1,592152,111639,425804,3202705,5413636,0,477315,10223251,8,0,45,972566595,982789846
495,1,1,4,0,0,0,0,0,0,1,0,1,0,0,1,0,0,0,0,2,0,0,0,0,0,0,1,14,5,20,5,9,5,0,117,949,0,0,0,2610,21,58,1,1,5017,44,1,402123,47276,129917,1378379,1323684,0,466708,3748087,8,0,44,950954004,954702091
496,1,1,1,0,1,0,0,0,0,2,0,0,1,0,1,0,0,0,0,0,0,0,0,0,0,0,0,14,3,22,3,9,3,0,65,601,0,0,0,2805,23,55,1,1,7850,41,1,288215,52719,146248,1135136,1494669,0,434887,3551874,8,0,42,907728822,911280696
497,1,3,5,0,0,0,0,0,0,3,0,1,2,0,2,0,0,0,0,0,0,0,0,0,1,0,0,14,7,25,7,9,7,0,100,718,0,0,0,5218,26,60,1,1,3621,46,1,449377,84095,223390,2635137,2246211,0,487922,6126132,8,0,46,994179186,1000305318
498,1,4,9,0,3,0,0,0,5,8,0,0,1,0,1,0,0,0,0,1,0,0,0,0,0,1,0,14,15,26,15,9,15,0,300,2569,0,0,0,8037,27,60,1,1,32693,46,1,789397,177945,642842,4783787,7840067,0,487922,14721960,8,0,46,994179186,1008901146
499,1,3,8,0,5,0,0,0,4,5,1,1,4,0,2,0,0,0,0,0,0,0,0,0,0,0,0,14,15,24,15,9,15,0,287,2182,0,0,0,8617,25,58,1,1,34536,44,1,781790,160458,579606,5189193,7208878,0,466708,14386633,8,0,44,950954004,965340637
500,1,6,6,0,3,0,0,0,3,5,0,1,4,0,1,0,0,0,0,2,0,0,0,0,0,0,0,14,11,27,11,9,11,0,186,1780,0,0,0,7278,28,60,1,1,28463,46,1,666065,178742,554010,4135138,6186287,0,487922,12208164,8,0,46,994179186,1006387350
